,rank,name,time,country,competition
0, 1 , Ruihang Xu (许瑞航) , 5.48 ,  China ,  Wuhan Open 2021 
1, 2 , Feliks Zemdegs , 5.53 ,  Australia ,  Odd Day in Sydney 2019 
2, 3 , Tymon Kolasiński , 5.54 ,  Poland ,  LLS II Biała Podlaska 2021 
3, 4 , Yezhen Han (韩业臻) , 5.57 ,  China ,  Guangdong Open 2021 
4, 5 , Max Park , 5.59 ,  United States ,  Houston Winter 2020 
5, 6 , Patrick Ponce , 5.83 ,  United States ,  GA Cubers Return A 2021 
6, 7 , Sean Patrick Villanueva , 5.98 ,  Philippines ,  Marikina City Open II 2019 
7, 8 , Luke Garrett , 6.01 ,  United States ,  Florida Returns 2021 
8, 9 , Matty Hiroto Inaba , 6.05 ,  United States ,  Idaho Summer B 2021 
9, 10 , Philipp Weyer , 6.06 ,  Germany ,  Swisscubing Cup Final 2018 
10, 11 , Weihao Kong (孔维浩) , 6.12 ,  China ,  Tianjin Summer Solstice 2021 
11, 12 , Lucas Etter , 6.19 ,  United States ,  Princeton Winter 2020 
12, 13 , Bill Wang , 6.25 ,  Canada ,  WCA World Championship 2019 
13, 14 , Sebastian Weyer , 6.26 ,  Germany ,  Back To Belgrade 2021 
14, 15 , Yiheng Wang (王艺衡) , 6.28 ,  China ,  Guangdong Open 2021 
15, 16 , Drew Brads , 6.29 ,  United States ,  Flag City Fall 2019 
16, 17 , Leo Borromeo , 6.31 ,  Philippines ,  Negros Speedcubing Open 2019 
17, 17 , Lukas Shelley , 6.31 ,  Denmark ,  Kunshan Afternoon 2021 
18, 19 , Seung Hyuk Nahm (남승혁) , 6.38 ,  Republic of Korea ,  China Championship 2018 
19, 20 , Juliette Sébastien , 6.40 ,  France ,  Bologna Back from Holidays 2021 
20, 21 , Luke Griesser , 6.42 ,  United States ,  Arnold Classic NA B 2020 
21, 22 , Mats Valk , 6.46 ,  Netherlands ,  Semey Open 2018 
22, 23 , Kai-Wen Wang (王楷文) , 6.51 ,  Taiwan ,  Kaohsiung Autumn Open 2017 
23, 24 , Jiazhou Li (李佳洲) , 6.52 ,  China ,  Guangdong Open 2021 
24, 24 , Kian Mansour , 6.52 ,  Canada ,  Pickering Spring 2018 
25, 26 , Zibo Xu (徐子博) , 6.55 ,  China ,  WHUT Open 2018 
26, 27 , Kevin Gerhardt , 6.58 ,  Germany ,  Monnem City Cubing 2019 
27, 28 , Alexandre Carlier , 6.60 ,  France ,  Open de Lumes 2019 
28, 29 , Zijian Cai (蔡子健) , 6.61 ,  China ,  Shenzhen Good Afternoon 2021 
29, 30 , Riley Dexter , 6.62 ,  Australia ,  Barwon Cube for the Kids 2021 
30, 31 , Jerry Yao , 6.64 ,  United States ,  Empire State Summer B 2021 
31, 31 , Yusheng Du (杜宇生) , 6.64 ,  China ,  Beijing Spring PM 2021 
32, 33 , Rami Sbahi , 6.66 ,  United States ,  CubingUSA Nationals 2018 
33, 34 , Dylan Miller , 6.69 ,  United States ,  Southeast Texas Winter 2019 
34, 35 , Martin Vædele Egdal , 6.70 ,  Denmark ,  Østerhøj Open 2019 
35, 35 , Tanzer Balimtas , 6.70 ,  United States ,  Rally In The Valley 2018 
36, 37 , Phillip Lewicki , 6.72 ,  United States ,  CubingUSA Nationals 2019 
37, 38 , Heidi Chan , 6.73 ,  United States ,  Berkeley Fall 2019 
38, 38 , Hyeon Kyo Kyoung , 6.73 ,  Republic of Korea ,  Cubing Korea 2019 
39, 38 , Max Siauw , 6.73 ,  United States ,  UBC Open 2020 
40, 38 , Paul Mahvi , 6.73 ,  United States ,  Grossmont Fall 2019 
41, 42 , Blake Thompson , 6.75 ,  United States ,  Michigan Cubing Club Gamma 2018 
42, 42 , Danny SungIn Park , 6.75 ,  Republic of Korea ,  Poly Cubed 2018 
43, 44 , Jayden McNeill , 6.76 ,  Australia ,  Melbourne Cube Days 2018 
44, 45 , Chris Mills , 6.77 ,  United Kingdom ,  NZ SIC 2021 
45, 46 , Christopher Yen , 6.78 ,  United States ,  Berkeley Summer 2019 
46, 46 , Daniel Rose-Levine , 6.78 ,  United States ,  Boston University Winter 2019 
47, 48 , Asher Kim-Magierek , 6.79 ,  United States ,  Gaston Toe Twiddling 2019 
48, 48 , Michał Rzewuski , 6.79 ,  Poland ,  GLS Cup I 2019 
49, 50 , Ethan Erez , 6.81 ,  Canada ,  8 Wing Limited 2019 
50, 51 , Dmitry Dobrjakov , 6.83 ,  Russia ,  SPB Muffin Mini 2021 
51, 52 , Brenton Angelo Lo Wong , 6.84 ,  Philippines ,  Pinoy Big Cubes Open 2019 
52, 53 , Richard Delacoste , 6.85 ,  Switzerland ,  Offline Schwyz Sunday 2021 
53, 54 , Antonie Paterakis , 6.86 ,  Netherlands ,  Veenendaal Open 2020 
54, 55 , Luke Tycksen , 6.89 ,  United States ,  Washington Championship 2020 
55, 56 , Nicolás Sánchez , 6.94 ,  United States ,  Scuppernong Spectacular 2019 
56, 56 , Sameer Aggarwal , 6.94 ,  United States ,  SnoCo Fall 2019 
57, 56 , Zixuan Yang (杨子轩) , 6.94 ,  China ,  Guilin Open 2021 
58, 59 , Mulun Yin (阴目仑) , 6.96 ,  China ,  Dongguan Open 2019 
59, 60 , Ciarán Beahan , 6.97 ,  Ireland ,  WCA World Championship 2019 
60, 61 , Andy Denney , 7.00 ,  United States ,  Michigan Cubing Club Beta 2019 
61, 62 , Aaron Huynh , 7.02 ,  United States ,  OU Winter 2019 
62, 62 , Cornelius Dieckmann , 7.02 ,  Germany ,  Franconia Fall 2019 
63, 62 , Daniel Karnaukh , 7.02 ,  United States ,  Kent Fall 2019 
64, 62 , Łukasz Burliga , 7.02 ,  Poland ,  PST Nowa Słupia 2019 
65, 66 , Brian Johnson , 7.03 ,  United States ,  GA Cubers Return A 2021 
66, 67 , Firstian Fushada (符逢城) , 7.04 ,  Indonesia ,  Singapore MentalMatrix Open 2019 
67, 67 , Myagmardorj Ulziijargal (Өлзийжаргал Мягмардорж) , 7.04 ,  Mongolia ,  Ulaanbaatar Spring 2019 
68, 69 , Kim Roger Høyland Larsen , 7.05 ,  Norway ,  Kjeller Open 2019 
69, 69 , Michał Pleskowicz , 7.05 ,  Poland ,  Les Automnales 2018 
70, 71 , Antoine Cantin , 7.08 ,  Canada ,  Wuhu Open 2018 
71, 71 , Ujjawal Pabreja , 7.08 ,  India ,  SNU Autumn Open 2019 
72, 73 , Linus Laurén , 7.10 ,  Finland ,  Helsinki Open 2020 
73, 74 , Aryan Chhabra , 7.11 ,  India ,  BCM Arya Cubing Challenge 2019 
74, 74 , Elian Beguec , 7.11 ,  France ,  Paris Open 2018 
75, 74 , Tee Kai Yang , 7.11 ,  Malaysia ,  Selangor Cube Open 2019 
76, 77 , Doyul Kim (김도율) , 7.12 ,  Republic of Korea ,  Seoul Winter 2019 
77, 78 , Varun Mohanraj , 7.13 ,  United States ,  Bay Area Speedcubin' 23 2020 
78, 79 , Mahith Bandi , 7.14 ,  United States ,  Dallas Warm Up 2019 
79, 80 , Jiayu Wang (王佳宇) , 7.15 ,  China ,  Zhengzhou Summer 2021 
80, 80 , Valerio Locatelli , 7.15 ,  Italy ,  Bologna Back from Holidays 2021 
81, 82 , Ivan Li Ka Leong (李嘉亮) , 7.17 ,  Hong Kong ,  Shenzhen 10th Anniversary 2019 
82, 83 , Daniel Wannamaker , 7.18 ,  United States ,  Charleston Spring 2018 
83, 83 , Joaquin Abarca , 7.18 ,  Canada ,  Leap to Barrie 2020 
84, 85 , Yi-Fan Wu (吳亦凡) , 7.19 ,  Taiwan ,  Indialantic Open 2019 
85, 86 , Angel Armando Jaime Sánchez , 7.20 ,  Mexico ,  Quetzal Cubing 2019 
86, 87 , Jules Desjardin , 7.21 ,  France ,  Elsass Open 2019 
87, 88 , Ben Kirby , 7.22 ,  New Zealand ,  Palmerston North 2021 
88, 88 , Dwyane Ramos , 7.22 ,  New Zealand ,  Southern Scramble Dunedin 2021 
89, 88 , Matěj Grohmann , 7.22 ,  Czech Republic ,  Austrian Open 2019 
90, 91 , Haluk Ulkusal , 7.23 ,  Romania ,  Bucharest Cubing Days 2021 
91, 91 , Mika Smulders , 7.23 ,  Netherlands ,  Star Cubing Nijmegen 2020 
92, 91 , Tommy Kiprillis , 7.23 ,  Australia ,  Canberra Autumn 2018 
93, 94 , Artem Kosarev (Артем Косарев) , 7.24 ,  Russia ,  Bogoroditsk Open 2021 
94, 94 , Jay Benedict Alfaras , 7.24 ,  Philippines ,  Bacolod Cubing Quest 2018 
95, 96 , Dario Roa Sánchez , 7.25 ,  Spain ,  Andorra 2018 
96, 97 , Adrien Auvray Matyn , 7.26 ,  New Zealand ,  NZ SIC 2021 
97, 97 , Andrey Che , 7.26 ,  Russia ,  SPB Muffin Mini 2021 
98, 99 , Anthony Brooks , 7.27 ,  United States ,  PDX Cubing for Causes 2019 
99, 100 , Keaton Ellis , 7.28 ,  United States ,  Scranton Scramble 2020 
100, 101 , David Epstein , 7.29 ,  Australia ,  Solving in Sale 2021 
101, 101 , Jaemin Chang (장재민) , 7.29 ,  Republic of Korea ,  Cubing Korea 2019 
102, 101 , Will Callan , 7.29 ,  United States ,  Clash at Carlisle Fall 2019 
103, 104 , Kevin Costello III , 7.30 ,  United States ,  Quabbin Open 2016 
104, 104 , Yunliang Zhang (张赟量) , 7.30 ,  China ,  Shaoxing Afternoon 2021 
105, 106 , Leon Schmidtchen , 7.31 ,  Germany ,  Elsass Open 2018 
106, 106 , Tommy Cherry , 7.31 ,  United States ,  Cubing with Manatees 2020 
107, 108 , Alexander Bashutkin , 7.32 ,  Russia ,  Belgorod Open 2019 
108, 108 , Lir Ukaj , 7.32 ,  Kosovo ,  Kosovo Open 2019 
109, 110 , Richard Jay S. Apagar , 7.33 ,  Philippines ,  Bay Area Speedcubin' 21 2019 
110, 110 , Will Newhoff , 7.33 ,  United States ,  Berkeley Summer 2019 
111, 112 , Caio Hideaki Sato , 7.35 ,  Brazil ,  V ETEC Jacareí Open 2019 
112, 112 , Nolan Wood , 7.35 ,  United States ,  Flag City Fall 2019 
113, 114 , Amos Nordman , 7.36 ,  Finland ,  Helsinki Open 2020 
114, 114 , Ray Bai , 7.36 ,  United States ,  TJHSST Fall 2019 
115, 116 , Alexander Lau , 7.37 ,  United Kingdom ,  Welcome Back to Guildford 2015 
116, 117 , Carlos Méndez García-Barroso , 7.38 ,  Spain ,  Chanquete Open 2018 
117, 117 , Collin Burns , 7.38 ,  United States ,  Slow N Steady Spring 2016 
118, 117 , Stanley Chapel , 7.38 ,  United States ,  Canadian Championship 2019 
119, 120 , Arnav Arora , 7.39 ,  India ,  BU Cube Open 2020 
120, 120 , George Scholey , 7.39 ,  United Kingdom ,  Guildford Open 2020 
121, 120 , Jonathan Esparaz , 7.39 ,  Canada ,  Newmarket Open 2019 
122, 123 , Yinming Zhu (朱胤铭) , 7.40 ,  China ,  Beijing Spring PM 2021 
123, 124 , Bryan Eng , 7.41 ,  Australia ,  Newcastle Autumn 2021 
124, 125 , Asia Konvittayayotin (เอเชีย กรวิทยโยธิน) , 7.42 ,  Thailand ,  Singapore Championship 2019 
125, 125 , Seung Hyun Kil (길승현) , 7.42 ,  Republic of Korea ,  Cubing Korea 2019 
126, 125 , Tristan Chua Yong , 7.42 ,  Singapore ,  Selangor Cube Open 2019 
127, 128 , Martin Fronescu , 7.43 ,  Romania ,  Constanta Summer Open 2019 
128, 129 , Bautista Bonazzola , 7.44 ,  Argentina ,  Hernando Summer 2020 
129, 129 , Karol Zakrzewski , 7.44 ,  Poland ,  Dragon Cubing 2020 
130, 129 , Knut Skaug Haraldsen , 7.44 ,  Norway ,  Bergen Open 2020 
131, 129 , Zayn Khanani , 7.44 ,  United States ,  Empire State Summer B 2021 
132, 133 , János Bereczki , 7.45 ,  Romania ,  Project Kedzierzyn-Kozle 2021 
133, 133 , Jode Brewster , 7.45 ,  Australia ,  Altona Algorithms Attempt 2 2021 
134, 133 , Mykyta Tytar (Микита Титарь) , 7.45 ,  Ukraine ,  Ukrainian Nationals 2019 
135, 133 , Phạm Đức Phước , 7.45 ,  Vietnam ,  Ha Noi Cube Day 2020 
136, 133 , Ping-Yueh Huang (黃品越) , 7.45 ,  Taiwan ,  Welcome Back Kaohsiung 2021 
137, 138 , Bartłomiej Owczarek , 7.46 ,  Poland ,  Project Pawłowice 2021 
138, 139 , Joshua Broderick Phillips , 7.47 ,  United States ,  BA Four 2019 
139, 139 , Kaijun Lin (林恺俊) , 7.47 ,  China ,  Selangor Cube Open 2019 
140, 141 , Krish Shah-Nathwani , 7.48 ,  United States ,  Michigan 2019 
141, 141 , Kyle Santucci , 7.48 ,  Canada ,  Chilliwack Cubes Fall 2019 
142, 141 , Przemysław Kaleta , 7.48 ,  Poland ,  MLS Warszawa 2020 
143, 141 , Vijay Kishore , 7.48 ,  India ,  C3 Cup Finale 2019 
144, 145 , AJ Kamal , 7.49 ,  United States ,  George School Open 2019 
145, 145 , Brody Lassner , 7.49 ,  United States ,  Copper Country Winter 2020 
146, 145 , Daniel Gutierrez , 7.49 ,  United States ,  Empire State Summer B 2021 
147, 145 , Daniel Wallin , 7.49 ,  Sweden ,  Värnamo Cube Days 2019 
148, 145 , Jabari Nuruddin , 7.49 ,  United States ,  Hudson Valley 2016 
149, 145 , Jeff Park , 7.49 ,  United States ,  Western Championship 2019 
150, 145 , Maksym Yeli (Максим Єлі) , 7.49 ,  Ukraine ,  Ukrainian Nationals 2018 
151, 145 , Zhouheng Sun (孙舟横) , 7.49 ,  China ,  Another Bruin Cube Day 2019 
152, 153 , Simon Geertsema , 7.50 ,  New Zealand ,  Bay Area Speedcubin' 23 2020 
153, 153 , Vincent Wong , 7.50 ,  Australia ,  Fortitude Sydney 2019 
154, 155 , Ben Baron , 7.51 ,  Israel ,  Israel Summer Open 2019 
155, 155 , Ethan Jan , 7.51 ,  United States ,  West LA Winter 2020 
156, 155 , Natthaphat Mahtani (ณัฐภัทร จี มาทานี) , 7.51 ,  Thailand ,  Thailand Championship 2018 
157, 158 , Dana Yi , 7.52 ,  United States ,  Skewbadelphia Winter 2020 
158, 158 , Ryan Wu , 7.52 ,  Canada ,  Leap to Barrie 2020 
159, 158 , Szymon Malinowski , 7.52 ,  Poland ,  Santa Claus Cube Race 2019 
160, 161 , Arifumi Fushimi (伏見有史) , 7.53 ,  Japan ,  Tokai Open 2019 
161, 161 , Evan Mann , 7.53 ,  United States ,  Bay Area Speedcubin' 21 2019 
162, 161 , Kymberlyn Calderon , 7.53 ,  United States ,  Princeton Winter 2020 
163, 161 , Rasmus Stub Detlefsen , 7.53 ,  Denmark ,  Aarhus Spring 2019 
164, 161 , SeungBeom Cho (조승범) , 7.53 ,  Republic of Korea ,  Dixon Winter 2017 
165, 161 , Yihan Chen (陈奕涵) , 7.53 ,  China ,  Wuhan Open 2021 
166, 167 , Reinier Schippers , 7.54 ,  Netherlands ,  Dutch Open 2018 
167, 168 , Rituraj Sohoni , 7.55 ,  India ,  Hiroshima Open 2019 
168, 168 , Rodrigo Paz Vaca , 7.55 ,  Bolivia ,  Villa Rosita 2020 
169, 170 , Lin Chen (陈霖) , 7.56 ,  China ,  Kunshan Open 2019 
170, 171 , Jakob Gunnarsson , 7.57 ,  Sweden ,  Flen - Stora Manschetten 2021 
171, 171 , Yibo Wang (王奕博) , 7.57 ,  China ,  Tianjin Summer Solstice 2021 
172, 171 , Yuxuan Guo (郭雨轩) , 7.57 ,  China ,  Guilin Open 2021 
173, 174 , Guojie Wang (王国杰) , 7.58 ,  China ,  Guangdong Open 2021 
174, 174 , Kajetan Opach , 7.58 ,  Poland ,  PST CFL Częstochowa 2019 
175, 174 , Kerry Creech , 7.58 ,  United States ,  GA Cubers Return B 2021 
176, 174 , Morten Arborg , 7.58 ,  Norway ,  VI QB'er 2017 
177, 178 , Vishantak Srikrishna , 7.59 ,  United States ,  Berkeley Fall 2019 
178, 179 , He-Ping Zheng (鄭和平) , 7.60 ,  Taiwan ,  Taiwan Championship 2020 
179, 179 , Jonathan Hamstad , 7.60 ,  Norway ,  Kjeller Open 2017 
180, 181 , Sean Belke , 7.61 ,  United States ,  Slow N Steady Summer 2019 
181, 181 , Tanish Saxena , 7.61 ,  India ,  Shri Ram Cubing Challenge 2019 
182, 183 , Ainesh Sevellaraja , 7.62 ,  Malaysia ,  Fontwell Open 2020 
183, 183 , Haowei Fan (樊浩玮) , 7.62 ,  China ,  Xi'an Cherry Blossom 2018 
184, 183 , Henri Gerber , 7.62 ,  Germany ,  German Nationals 2019 
185, 183 , Jared Huffman , 7.62 ,  United States ,  Sioux Fall 2019 
186, 183 , Sei Sugama (洲鎌星) , 7.62 ,  Japan ,  Kansai Open 2019 
187, 188 , Jonah Crosby , 7.63 ,  United States ,  MIT Winter 2020 
188, 188 , Mantas Urbanavičius , 7.63 ,  Lithuania ,  Latvian Open 2019 
189, 188 , Rowe Hessler , 7.63 ,  United States ,  Slow N Steady Winter 2018 
190, 191 , Carter Kucala , 7.64 ,  United States ,  Big Cheese 2020 
191, 192 , Luigi Soriano , 7.65 ,  United States ,  Empire State Summer A 2021 
192, 192 , Zeke Mackay , 7.65 ,  United States ,  West Branch Summer 2019 
193, 194 , Benjamin Pugh , 7.66 ,  United States ,  Michigan Cubing Club Gamma 2019 
194, 194 , Kennan LeJeune , 7.66 ,  United States ,  Minnesota Cube Melt 2016 
195, 196 , Christopher Sun , 7.67 ,  United States ,  No Place For DNF Fall 2019 
196, 196 , Lev Golub (Лев Голуб) , 7.67 ,  Ukraine ,  Ukrainian Nationals 2018 
197, 196 , Pablo Contreras , 7.67 ,  France ,  Chelles Open 2020 
198, 199 , Dawei Xu (徐大卫) , 7.68 ,  China ,  China Championship 2019 
199, 199 , Faisal Aziz Mehboob , 7.68 ,  India ,  Bengaluru Summer Open 2019 
200, 199 , Kevin Hays , 7.68 ,  United States ,  WCA World Championship 2019 
201, 199 , Pengcheng Wang (王鹏程) , 7.68 ,  China ,  Xi'an Cherry Blossom AM 2021 
202, 199 , Roger Lightbody III , 7.68 ,  United States ,  CubingUSA Nationals 2019 
203, 204 , Nicolas Gertner , 7.69 ,  France ,  Villeneuve-lès-Avignon 2019 
204, 205 , Amod Mathur , 7.71 ,  United States ,  Pencil Mania 2018 
205, 206 , Bernardo Torres , 7.72 ,  Venezuela ,  CinemaCubing San Carlos 2019 
206, 206 , Ivaylo Ivaylov Vichev , 7.72 ,  Bulgaria ,  Macedonian Nationals 2019 
207, 206 , Jason Lee , 7.72 ,  United States ,  Fort Worth Fall Fiesta 2019 
208, 206 , Staš Zupanc , 7.72 ,  Slovenia ,  Osijek Open 2017 
209, 206 , William Jensen , 7.72 ,  Sweden ,  Flen - Stora Manschetten 2021 
210, 211 , David Nguyen , 7.73 ,  United States ,  North Star Cubing Challenge 2019 
211, 211 , Szymon Musiał , 7.73 ,  Poland ,  Gdańsk Open 2020 
212, 211 , Yap Jia Yang , 7.73 ,  Malaysia ,  Beaconhouse Malaysia Open 2019 
213, 214 , Kavin Tangtartharakul , 7.74 ,  United States ,  San Diego Summer 2019 
214, 214 , Vicenzo Guerino Cecchini , 7.74 ,  Brazil ,  South American Championship 2018 
215, 216 , Adrian Jorghy , 7.75 ,  Indonesia ,  Indonesian Championship 2019 
216, 216 , Igor Ośmiałowski , 7.75 ,  Poland ,  GLS Cup Final 2018 
217, 216 , Pavan Ravindra , 7.75 ,  United States ,  Maryland 2017 
218, 219 , Kari Hyttinen , 7.76 ,  Finland ,  Helsinki Open 2020 
219, 219 , Michael Nielsen , 7.76 ,  United States ,  Country Roads Martinsburg 2020 
220, 219 , Tomáš Zatroch , 7.76 ,  Slovakia ,  Kostelec Summer 2019 
221, 219 , Ziyu Wu (吴子钰) , 7.76 ,  China ,  Wuhan Open 2021 
222, 223 , Brandon Nunez , 7.77 ,  United States ,  Lower Moreland Winter 2019 
223, 223 , Eli Parker , 7.77 ,  United States ,  GA Cubers Return A 2021 
224, 223 , Jr-Wei Jang (張智瑋) , 7.77 ,  Taiwan ,  Taiwan Championship 2018 
225, 223 , Léo Bailly , 7.77 ,  France ,  French Championship 2019 
226, 223 , Mattia Galentino , 7.77 ,  Italy ,  Salento Cubing Open 2020 
227, 228 , Lianhao Zhu (褚连皓) , 7.78 ,  China ,  Shaoxing Morning 2021 
228, 228 , Minkyu Shin (신민규) , 7.78 ,  Republic of Korea ,  Cubing Korea 2019 
229, 230 , Antonio Gabriel Freitas da Silva , 7.79 ,  Brazil ,  Schoolmark Open 2019 
230, 230 , Phoenix Patterson , 7.79 ,  Australia ,  Barwon Cube for the Kids 2021 
231, 232 , Taosif Amin Sahil , 7.80 ,  Bangladesh ,  Dinajpur Cubing Open 2019 
232, 233 , Ivan Polkanov (Иван Полканов) , 7.81 ,  Russia ,  SPB Muffin Mini 2021 
233, 233 , Nathaniel Ortega , 7.81 ,  Philippines ,  Cube Ala-Eh IV 2019 
234, 233 , Nipun Kisari , 7.81 ,  United States ,  Cubing in Cambridge 2019 
235, 236 , Andy Gong , 7.82 ,  Australia ,  Melbourne Summer 2021 
236, 236 , Artem Ganzha , 7.82 ,  Russia ,  SPB Muffin Mini 2021 
237, 236 , Hua Huang (黄华) , 7.82 ,  China ,  Shenzhen Nanshan Afternoon 2021 
238, 236 , Justin Barker , 7.82 ,  United States ,  Cubing Peoria 2019 
239, 236 , Waden Cho , 7.82 ,  United States ,  TJHSST Fall 2019 
240, 241 , Arisandra Soo , 7.83 ,  Australia ,  Turn Around Tassie 2020 
241, 241 , Justin Mallari , 7.83 ,  United States ,  Slow N Steady Winter 2020 
242, 243 , Maciej Czapiewski , 7.84 ,  Poland ,  Cube Factory Częstochowa 2018 
243, 243 , Thada Phuenghua (ธาดา พึ่งฮั้ว) , 7.84 ,  Thailand ,  Thailand 10th Anniversary 2019 
244, 245 , Lucas Déglise , 7.85 ,  France ,  Bologna Summer Open 2021 
245, 245 , Tristan Jansen , 7.85 ,  Netherlands ,  Star Cubing Nijmegen 2020 
246, 245 , Vladislav Kaminskiy , 7.85 ,  Belarus ,  Belarus Nationals 2019 
247, 245 , Zachary Ochs , 7.85 ,  United States ,  Gobbler Cube Day Fall 2019 
248, 245 , Zavian Valedon , 7.85 ,  United States ,  GA Cubers Return A 2021 
249, 250 , Asato Irifune (入船朝斗) , 7.86 ,  Japan ,  Kansai Open 2019 
250, 250 , Ivan Vynnyk (Іван Винник) , 7.86 ,  Ukraine ,  Euro 2016 
251, 250 , Katie Hull , 7.86 ,  United States ,  Scuppernong Spectacular 2019 
252, 250 , Matthew Shay , 7.86 ,  United States ,  Bobcat Battle 2019 
253, 250 , Mattias Uvesten , 7.86 ,  Sweden ,  Nordic Championship 2018 
254, 250 , Nguyễn Ngọc Thịnh , 7.86 ,  Vietnam ,  Thailand Championship 2019 
255, 250 , Nikita Kovalchuk (Нікіта Ковальчук) , 7.86 ,  Ukraine ,  Ukrainian Open 2018 
256, 250 , Tomoya Firman , 7.86 ,  Australia ,  Northside Cube Day 2019 
257, 250 , Weixing Zhang (张炜星) , 7.86 ,  China ,  GDSY Open 2017 
258, 259 , Daniel Tidsey , 7.87 ,  United Kingdom ,  Doncaster Open 2020 
259, 259 , Fabio Schwandt , 7.87 ,  United Kingdom ,  LYN Cubing Days 2019 
260, 259 , Juan Pablo Huanqui , 7.87 ,  Peru ,  TCG Spring 2019 
261, 259 , Julián García Sánchez , 7.87 ,  Mexico ,  Conde Open 2019 
262, 259 , Xinhe Liu (刘心赫) , 7.87 ,  China ,  Tianjin Summer Solstice 2021 
263, 264 , Azhar Virani , 7.88 ,  United States ,  Dallas Winter 2018 
264, 264 , Chengyang Song (宋成阳) , 7.88 ,  China ,  Zhengzhou Summer 2021 
265, 264 , Harry Savage , 7.88 ,  United Kingdom ,  WCA World Championship 2019 
266, 264 , John Bacouël , 7.88 ,  France ,  Sens Open 2019 
267, 268 , Atsuto Takemura (竹村篤人) , 7.89 ,  Japan ,  Kyoto Open 2019 
268, 268 , Eric Limeback , 7.89 ,  Canada ,  Berkeley Winter 2017 
269, 268 , Zhi Li (李志) , 7.89 ,  China ,  Tianjin Summer Solstice 2021 
270, 271 , Ethan Stevens , 7.90 ,  Australia ,  Koalafication Melbourne 2019 
271, 271 , Kailong Li (李开隆) , 7.90 ,  China ,  Guilin Open 2021 
272, 271 , Moshi Tang , 7.90 ,  United States ,  Cuyahoga Cubing 2019 
273, 271 , Will Hamilton , 7.90 ,  United States ,  UCSD Winter 2020 
274, 271 , Yinqin Li (李尹钦) , 7.90 ,  China ,  China Championship 2018 
275, 276 , Muhammad Hariz Bin Azizan , 7.91 ,  Malaysia ,  World Championship 2017 
276, 276 , Pedro Roque , 7.91 ,  Brazil ,  ACSA 2018 
277, 276 , Qiyu Zhang (张淇奥) , 7.91 ,  China ,  Shandong Open 2019 
278, 276 , William Lu (呂宇綸) , 7.91 ,  Taiwan ,  Cross-strait Cubing 2019 
279, 280 , Andrew Ricci , 7.92 ,  United States ,  MIT Fall 2015 
280, 280 , Hunor Mogyorósi , 7.92 ,  Hungary ,  Kosovo Open 2018 
281, 280 , Jinseong Kim (김진성) , 7.92 ,  Republic of Korea ,  Korean KAIST Style 2015 
282, 280 , Micah Morrison , 7.92 ,  United States ,  Grind City 2018 
283, 284 , Brennen Lin , 7.93 ,  Canada ,  Leap to Barrie 2020 
284, 284 , Ernesto Gutiérrez Cuba , 7.93 ,  Peru ,  Campeonato Nacional Perubik 2017 
285, 284 , Jan Zych , 7.93 ,  Poland ,  PST CFL Częstochowa 2019 
286, 284 , Ruohan Qiu (邱若寒) , 7.93 ,  China ,  Chengdu New Year Morning 2021 
287, 284 , Stanley Wang , 7.93 ,  Canada ,  Leap to Barrie 2020 
288, 289 , Isaac Langer , 7.94 ,  United States ,  Qualifornia 2017 
289, 289 , Iuri Grangeiro Carvalho , 7.94 ,  Brazil ,  V ETEC Jacareí Open 2019 
290, 289 , Jakub Kipa , 7.94 ,  Poland ,  CFL Santa Claus Cube Race 2017 
291, 289 , Massimiliano Iovane , 7.94 ,  Italy ,  Italian Open 2017 
292, 289 , Vincent Hartanto Utomo , 7.94 ,  Indonesia ,  Indonesian Championship 2019 
293, 294 , Ethan Rusnak , 7.95 ,  Canada ,  UBC Open 2020 
294, 294 , Julian Bürgi , 7.95 ,  Switzerland ,  Offline Schwyz Sunday 2021 
295, 294 , Nathan Wu , 7.95 ,  United States ,  SacCubing IX 2020 
296, 294 , Robbie Villarica , 7.95 ,  Philippines ,  Metro Speedcubing Open 2019 
297, 298 , Ben Yu , 7.96 ,  United States ,  Puget Sound Summer 2019 
298, 298 , Daryl Tan Hong An , 7.96 ,  Singapore ,  Singapore MentalMatrix Open 2019 
299, 298 , Hsiang-Kuang Zhuang (莊翔光) , 7.96 ,  Taiwan ,  Grossmont Fall 2019 
300, 298 , Oliver Fritz , 7.96 ,  Germany ,  Elsass Open 2019 
301, 298 , Parker Trager , 7.96 ,  United States ,  Empire State Summer A 2021 
302, 298 , Twan Dullemond , 7.96 ,  Netherlands ,  Veenendaal Open 2020 
303, 304 , DongSu Park (박동수) , 7.97 ,  Republic of Korea ,  Cube Camp in Wonju 2019 
304, 304 , Guangmei Chen (陈光美) , 7.97 ,  China ,  Nanchang Good Morning 2021 
305, 304 , Ihor Sukhovatenko (Ігор Суховатенко) , 7.97 ,  Ukraine ,  Horse City 2021 
306, 304 , Jaime Botello García , 7.97 ,  Spain ,  Kubekings Villanueva Open 2019 
307, 308 , Elvin Thorsen , 7.98 ,  Sweden ,  SSL 3 Varberg 2019 
308, 308 , Thompson Clarke , 7.98 ,  Canada ,  Newmarket Open 2019 
309, 310 , Karl Matthew Angeles , 7.99 ,  Philippines ,  Valenzuela Cube Classic 2019 
310, 310 , Maksym Zharov (Максим Жаров) , 7.99 ,  Ukraine ,  Lviv Spring Days 2019 
311, 310 , Mikołaj Zubowicz , 7.99 ,  Poland ,  LLS II Biała Podlaska 2021 
312, 310 , Wojciech Weremczuk , 7.99 ,  Poland ,  Polish Open 2019 
313, 314 , Beom San Kim (김범산) , 8.00 ,  Republic of Korea ,  Play Cube X4 2019 
314, 315 , Adam Chodyniecki , 8.01 ,  Poland ,  LLS II Biała Podlaska 2021 
315, 315 , Gael Augusto Lapeyre , 8.01 ,  Argentina ,  Hernando Summer 2020 
316, 315 , Zhenyu Wang (王振宇) , 8.01 ,  China ,  Jieyang Good Morning 2021 
317, 318 , Jeriel James Thomas , 8.02 ,  Canada ,  Kew Forest Open 2018 
318, 319 , Will Gurnett , 8.03 ,  Australia ,  Koalafication Melbourne 2019 
319, 319 , Zhiyuan Ma (马之元) , 8.03 ,  China ,  Xuzhou Open PM 2021 
320, 321 , Alejandro Daniel Salceda Corvera , 8.04 ,  Mexico ,  Telpochcalli Tlaxcala 2020 
321, 321 , Christopher Olson , 8.04 ,  United States ,  Race the Clock 2018 
322, 321 , Nipat Charoenpholphant (นิพัฒน์ เจริญพลพันธุ์) , 8.04 ,  Thailand ,  Singapore Open 2017 
323, 321 , Rodrigo Cabezas , 8.04 ,  Chile ,  Chillán Open 2019 
324, 321 , Rushil Dalal , 8.04 ,  India ,  Cube Fiesta Surat 2019 
325, 321 , Zaiyang Zhang (张在旸) , 8.04 ,  China ,  Tianjin Autumn 2019 
326, 327 , Alexey Zharikov , 8.05 ,  Russia ,  Ramenskoe Open 2019 
327, 327 , Biel Salmons Gonzalez , 8.05 ,  Spain ,  Spanish Championship 2019 
328, 327 , Caitlin Hutnyk , 8.05 ,  Canada ,  St. John's Spring Open 2018 
329, 327 , Mattia Furlan , 8.05 ,  Italy ,  Bologna Summer Open 2021 
330, 327 , Pinda Qian (钱品达) , 8.05 ,  China ,  Wuhan Open 2021 
331, 327 , Theo Iván Goluboff , 8.05 ,  Argentina ,  Hernando Summer 2020 
332, 327 , Tyler Howlett , 8.05 ,  United States ,  Reno Winter 2020 
333, 334 , Alex Johnson , 8.06 ,  United States ,  SacCubing II 2017 
334, 334 , Angelo Giovanni Licetti León , 8.06 ,  Peru ,  LatAm Tour - Lima 2017 
335, 334 , Eva Kato , 8.06 ,  United States ,  WCA World Championship 2019 
336, 334 , Giovanni Contardi , 8.06 ,  Italy ,  Romagna Open 2019 
337, 334 , Jackson DeVico , 8.06 ,  United States ,  Ridge Cubing Fall 2019 
338, 334 , Jaden Burkhardt , 8.06 ,  United States ,  UCSD Winter 2020 
339, 334 , Jonatan Kłosko , 8.06 ,  Poland ,  Project Będzin 2019 
340, 341 , Elijah Brown , 8.07 ,  United States ,  Santa Barbara Fall 2019 
341, 341 , Martin Brath , 8.07 ,  Germany ,  German Big Cube Open 2019 
342, 341 , Ray Vince Ong , 8.07 ,  Canada ,  Leap to Barrie 2020 
343, 344 , Erik Akkersdijk , 8.08 ,  Netherlands ,  UK Championship 2018 
344, 345 , Florian Truckenthanner , 8.09 ,  Austria ,  Tirol Open 2019 
345, 345 , Marek Majerik , 8.09 ,  Slovakia ,  Hungarian Open 2019 
346, 345 , Nikhil Soares , 8.09 ,  India ,  DSK Pune Cube Open 2019 
347, 348 , Alwin Rölz , 8.10 ,  Switzerland ,  Munich Open 2019 
348, 348 , Ari Randers-Pehrson , 8.10 ,  United States ,  Empire State Summer A 2021 
349, 348 , Kai Su (苏锴) , 8.10 ,  China ,  Wuhan Open 2019 
350, 348 , Marcos Aparicio Caro , 8.10 ,  Spain ,  Chanquete Open 2019 
351, 348 , Ramón Dersch , 8.10 ,  Germany ,  PSKubing 2016 
352, 348 , Sean Moran , 8.10 ,  United Kingdom ,  Doncaster Open 2020 
353, 354 , Eli Jay , 8.11 ,  United Kingdom ,  Weston-super-Mare Open 2018 
354, 354 , Lingkun Jiang (姜凌坤) , 8.11 ,  China ,  Guilin Open 2021 
355, 354 , Riley Norrid , 8.11 ,  United States ,  Houston Winter 2020 
356, 354 , Riley Woo , 8.11 ,  United States ,  SacCubing III 2018 
357, 354 , Valerii Pochtar (Валерій Почтар) , 8.11 ,  Ukraine ,  Ukrainian Nationals 2017 
358, 354 , Zixi Li (李梓熙) , 8.11 ,  China ,  Zhongshan Children's Day 2019 
359, 360 , Aamir Saifee , 8.12 ,  India ,  RGIT Cube Open 2019 
360, 360 , Benjamin Christie , 8.12 ,  United States ,  Severna Park Summer 2017 
361, 360 , Che-Ting Chu (朱哲廷) , 8.12 ,  Taiwan ,  Taiwan Championship 2018 
362, 360 , Munkhdelger Shinekhuu , 8.12 ,  Mongolia ,  China Championship 2019 
363, 360 , Nanxi Liu (刘南希) , 8.12 ,  China ,  Guangdong Open 2021 
364, 360 , Paris Dorn , 8.12 ,  Canada ,  CubingUSA Nationals 2019 
365, 366 , Nguyễn Khang Minh , 8.13 ,  Vietnam ,  Altona Algorithms Attempt 2 2021 
366, 366 , Wong Kin Lok (黃健樂) , 8.13 ,  Hong Kong ,  WCA Asian Championship 2018 
367, 368 , Tomoya Iida (飯田朋也) , 8.14 ,  Japan ,  Japan Championship 2019 
368, 369 , Jack Pfeifer , 8.15 ,  United States ,  Kent Fall 2019 
369, 370 , Isaac Wong Chang Man , 8.16 ,  Singapore ,  Singapore Championship 2018 
370, 370 , James Karras , 8.16 ,  United States ,  Brooklyn Fall 2019 
371, 370 , Nikita Starodubov , 8.16 ,  Belarus ,  Black Pawn in Brest 2020 
372, 370 , Ryan Pilat , 8.16 ,  United States ,  OU Winter 2019 
373, 370 , Xianjing Wang (王先靖) , 8.16 ,  China ,  Guangzhou Panyu Morning 2021 
374, 375 , Breandan Vallance , 8.17 ,  United Kingdom ,  Lincoln Open 2019 
375, 375 , Ng Jia Quan (黄佳铨) , 8.17 ,  Malaysia ,  Singapore MentalMatrix Open 2019 
376, 375 , Yinghao Wang (王鹰豪) , 8.17 ,  China ,  Shaoxing Morning 2021 
377, 378 , Caleb Kinman , 8.18 ,  United States ,  Music City Speedsolving 2019 
378, 378 , Daniel Vædele Egdal , 8.18 ,  Denmark ,  Østerhøj Open 2019 
379, 378 , Mason Witt , 8.18 ,  United States ,  Boise 2019 
380, 378 , Om Joshi , 8.18 ,  United States ,  Houston Winter 2020 
381, 378 , Pedro Alejandro Condo Tellez , 8.18 ,  Peru ,  Comas Speedsolving 2019 
382, 378 , Shonathon Collins , 8.18 ,  United States ,  Howdy Partner 2018 
383, 378 , Takuya Kurokawa (黒河拓也) , 8.18 ,  Japan ,  Japan Championship 2019 
384, 385 , Abdelhak Kaddour , 8.19 ,  France ,  Open de Lumes 2019 
385, 385 , Alessio Giuliano , 8.19 ,  Switzerland ,  Swisscubing Cup III 2019 
386, 385 , Eder Olivencia Gonzalez , 8.19 ,  Spain ,  Basauri Open 2019 
387, 385 , Kieran Dizon , 8.19 ,  United States ,  Rocky Top 2018 
388, 385 , Luke Van Laningham , 8.19 ,  United States ,  Bulldog Qualifier 2019 
389, 390 , Alexis Rodrigo Cazu Mendoza , 8.20 ,  Mexico ,  Plata Taxco Open 2018 
390, 390 , Andy Smith , 8.20 ,  United States ,  For The Love Of Cubing 2016 
391, 390 , Anish Rajesh , 8.20 ,  India ,  CMI Tessellate Cube Open 2020 
392, 390 , Charlie Eggins , 8.20 ,  Australia ,  Brisbane Is Back On 2021 
393, 390 , Ho Hsieh (謝合) , 8.20 ,  Taiwan ,  Pingtung Cubing Open 2020 
394, 390 , Karl Taagaard Hansen , 8.20 ,  Denmark ,  Tårnby Cube Træf 2018 
395, 390 , Sandy Aaron Jones , 8.20 ,  France ,  Cubing with the Viking 2020 
396, 397 , Andrew Bae , 8.21 ,  United States ,  Babylon Winter 2020 
397, 397 , Frank Zhou , 8.21 ,  United States ,  SBU Spring 2019 
398, 397 , Hubert Kwasigroch , 8.21 ,  Poland ,  GLS Cup I 2018 
399, 397 , Jeff Oneil Magallanes Agüero , 8.21 ,  Peru ,  La Tienda Cubera Christmas 2019 
400, 397 , Lim Hung (林弘) , 8.21 ,  Malaysia ,  Medan Lunar New Year 2020 
401, 397 , Micah Walker , 8.21 ,  United States ,  Garrettsville G-Men Classic 2019 
402, 397 , Robert Yau , 8.21 ,  United Kingdom ,  Berkeley Summer 2013 
403, 397 , Smeling Becerra , 8.21 ,  Peru ,  Salesianos Open 2018 
404, 397 , Xulang Li (黎旭朗) , 8.21 ,  China ,  WCA World Championship 2019 
405, 397 , Yu Da-Hyun (유다현) , 8.21 ,  Republic of Korea ,  Cubedu Korea 2018 
406, 407 , Austin Moore , 8.22 ,  United States ,  St. Boois 2017 
407, 407 , Dan Pastushkov , 8.22 ,  United States ,  SacCubing IX 2020 
408, 407 , Luke Jankowiak , 8.22 ,  Canada ,  Downtown Vancouver Summer 2019 
409, 407 , Patrick Hetco , 8.22 ,  Germany ,  Offline Schwyz Saturday 2021 
410, 407 , Sheng Cao (曹晟) , 8.22 ,  China ,  Beijing Spring PM 2021 
411, 407 , Shih-Hao Wang (王士豪) , 8.22 ,  Taiwan ,  Welcome Back Kaohsiung 2021 
412, 407 , Toni Beljo , 8.22 ,  Croatia ,  Norrkubing 2019 
413, 407 , Xuming Wang (王旭明) , 8.22 ,  China ,  Ezhou Open 2019 
414, 415 , Alexander Tosting , 8.23 ,  Sweden ,  Flen - Lilla Manschetten 2021 
415, 415 , Anatole Volongo , 8.23 ,  France ,  LLS II Biała Podlaska 2021 
416, 415 , Daniel Josué Sandí Alvarado , 8.23 ,  Costa Rica ,  Score Cube Day 2020 
417, 415 , Itthikorn Jittaveeroj (อิทธิกร จิตทวีโรจน์) , 8.23 ,  Thailand ,  Japan Championship 2019 
418, 415 , Sergey Ryabko , 8.23 ,  Russia ,  SPB Muffin Mini 2021 
419, 420 , Andrés Irías Li , 8.24 ,  Costa Rica ,  Cubing Heredia 2019 
420, 420 , Harris Chan , 8.24 ,  Canada ,  Sherwood Park Summer 2019 
421, 420 , Kunal Oak , 8.24 ,  India ,  BU Cube Open 2020 
422, 420 , Michał Krasowski , 8.24 ,  Poland ,  LLS IV 2019 
423, 420 , Samir Homsi , 8.24 ,  Turkey ,  Ankara Summer 2021 
424, 420 , Tu Pham , 8.24 ,  Vietnam ,  Melbourne Summer 2020 
425, 420 , Ulrik Bredland , 8.24 ,  Norway ,  Flatåsen Open 2020 
426, 420 , Xingkai Yin (尹星凯) , 8.24 ,  China ,  Kunshan Afternoon 2021 
427, 428 , Jonathan Charlesworth , 8.25 ,  Australia ,  Darwin Open 2019 
428, 428 , Sean Hartman , 8.25 ,  United States ,  Florida Fall Fest 2019 
429, 428 , Yumu Tabuchi (田渕雄夢) , 8.25 ,  Japan ,  Rabbit and Turtle 2012 
430, 431 , Alaik Bhatia , 8.26 ,  India ,  VJTI Mumbai Cube Open 2018 
431, 431 , Gabriel Rejdych , 8.26 ,  Poland ,  LLS I Bełżyce 2021 
432, 431 , Jonathan Chng , 8.26 ,  Singapore ,  NTU Open 2019 
433, 431 , Lucas O'Connell , 8.26 ,  New Zealand ,  Palmerston North 2021 
434, 435 , Felipe Medel , 8.27 ,  Chile ,  La Serena Open 2020 
435, 435 , Jong-Ho Jeong (정종호) , 8.27 ,  Republic of Korea ,  ABHC 2015 
436, 435 , Kim Jokinen , 8.27 ,  Finland ,  Doge Open 2016 
437, 435 , Pavel Galaktionov , 8.27 ,  Russia ,  SPB Island 2018 
438, 435 , Phil Patrick F. Isidro , 8.27 ,  Philippines ,  Philippine Championship 2019 
439, 435 , Sameer Sethuram , 8.27 ,  United States ,  No Place For DNF Fall 2019 
440, 441 , Gabriel Gaza , 8.28 ,  Philippines ,  Luzon Championship 2019 
441, 441 , Giovane Rubin Fioravanti , 8.28 ,  Brazil ,  I Itapê Open 2019 
442, 441 , Magdalena Pabisz , 8.28 ,  Poland ,  LLS I Bełżyce 2021 
443, 441 , Seyyed Mohammad Hossein Fatemi (سید محمد حسین فاطمی) , 8.28 ,  Iran ,  Golden Rubik's Cube 2017 
444, 441 , Yoo-chan Hong (홍유찬) , 8.28 ,  Republic of Korea ,  Cubing Korea 2019 
445, 446 , Adhemar Mizushima , 8.29 ,  Bolivia ,  Villa Rosita 2020 
446, 446 , Dale Stephen M. Palmares , 8.29 ,  Philippines ,  Marikina City Open II 2019 
447, 446 , Edward Lin , 8.29 ,  United States ,  Fresno Fall 2017 
448, 446 , Hyo-Min Seo (서효민) , 8.29 ,  Republic of Korea ,  Korean Christmas Cup 2014 
449, 446 , Jerich Lee (李再圆) , 8.29 ,  United States ,  CubingUSA Nationals 2019 
450, 446 , Joshua Hounslow , 8.29 ,  Australia ,  Craigie Cube-Off 2021 
451, 446 , Samuel Brenner , 8.29 ,  United States ,  Sharon Summer 2017 
452, 446 , Yurii Hnidko (Юрій Гнідко) , 8.29 ,  Ukraine ,  Smartcube Fest Kyiv 2019 
453, 454 , Alexei Sinyavin , 8.30 ,  United States ,  Princeton Winter 2020 
454, 454 , Enzo Mattos , 8.30 ,  Brazil ,  SESC Santos 2018 
455, 456 , Dominic Heising , 8.31 ,  United States ,  3rd Coast Cubing 2019 
456, 456 , Fangrui Zeng (曾方锐) , 8.31 ,  China ,  Beijing Winter 2019 
457, 456 , Jinseo Hong , 8.31 ,  Republic of Korea ,  Empire State Summer A 2021 
458, 456 , Tolga Kaan Kantarcı , 8.31 ,  Turkey ,  Eskişehir Spring 2019 
459, 456 , Yuxuan Wu (吴雨轩) , 8.31 ,  China ,  Shaoxing Morning 2021 
460, 461 , Carlos Cesar Rodríguez García , 8.32 ,  Mexico ,  Rubik Zamora 2017 
461, 461 , Evan Liu , 8.32 ,  United States ,  Providence Fall 2019 
462, 461 , Julian Favell , 8.32 ,  Canada ,  Ajax Winter 2019 
463, 461 , Letian Hu (胡乐天) , 8.32 ,  China ,  Asian Championship 2016 
464, 461 , Li Chak Kwan (李澤堃) , 8.32 ,  Hong Kong ,  Shenzhen Open 2019 
465, 466 , Ace Djun T. Aguirre Jr. , 8.33 ,  Philippines ,  Tagum City Open 2019 
466, 466 , Boxuan Fan (范柏轩) , 8.33 ,  China ,  Guangzhou Panyu Morning 2021 
467, 466 , David Pearce , 8.33 ,  Australia ,  Brisbane Is Back On 2021 
468, 466 , Dominic Redisi , 8.33 ,  United States ,  GA Cubers Return A 2021 
469, 466 , Dylan Hughlett , 8.33 ,  United States ,  Colorado Qualifier 2019 
470, 466 , Jasper Murray , 8.33 ,  New Zealand ,  Southern Scramble Dunedin 2021 
471, 466 , Jieyu Yang (杨杰予) , 8.33 ,  China ,  Kunshan Morning 2021 
472, 466 , Rilang Cao (曹日朗) , 8.33 ,  China ,  Shenzhen Nanshan Morning 2021 
473, 466 , Ty Marshall , 8.33 ,  United States ,  San Ramon 2017 
474, 466 , Yang Li (李扬) , 8.33 ,  China ,  SJTU Winter Open 2018 
475, 466 , Yu Feng (冯煜) , 8.33 ,  China ,  Beijing Summer 2019 
476, 477 , Anson Lin , 8.34 ,  China ,  New Zealand Nationals 2014 
477, 477 , Daniel Sartori , 8.34 ,  Italy ,  Bologna Back from Holidays 2021 
478, 477 , Jorge Leonardo Sánchez Salazar , 8.34 ,  Mexico ,  Rubik Zacatecas 2017 
479, 477 , Maximiliano Rojas Zaputovich , 8.34 ,  Mexico ,  Plata Taxco Open 2018 
480, 477 , Muhammad Razin Bin Roslan , 8.34 ,  Malaysia ,  Putra Speedcubing Challenge 2019 
481, 477 , Quentin Rivault , 8.34 ,  France ,  Villeneuve-lès-Avignon B 2021 
482, 477 , Tyler Robinson , 8.34 ,  United States ,  Sioux Fall 2019 
483, 484 , Andreas Lambropoulos , 8.35 ,  United States ,  Charlotte Winter 2020 
484, 484 , Deniz Atak , 8.35 ,  United States ,  Northern Neck Winter 2019 
485, 484 , Fahmi Aulia Rachman , 8.35 ,  Indonesia ,  BSC 10th Anniversary 2019 
486, 484 , Jie Wang (王杰) , 8.35 ,  China ,  Kunshan Afternoon 2021 
487, 484 , Moses San Pascual , 8.35 ,  Philippines ,  ValenZheng Cube Open 2018 
488, 484 , Sora Sato , 8.35 ,  Australia ,  Enjoyable Sydney Gathering 2020 
489, 490 , Farid Mikhailov , 8.36 ,  Kazakhstan ,  Ramenskoe Open 2019 
490, 490 , Michał Marszałek , 8.36 ,  Poland ,  Project Pawłowice 2021 
491, 490 , Paul Pleis , 8.36 ,  France ,  Swisscubing Cup IV 2020 
492, 490 , Simon Westlund , 8.36 ,  Sweden ,  SSL Final Borås 2017 
493, 494 , Aiden Bartlett , 8.37 ,  United States ,  UBC Open 2020 
494, 494 , Aryan Kejriwal , 8.37 ,  United States ,  Slow N Steady Summer 2018 
495, 494 , Đỗ Quang Hưng , 8.37 ,  Vietnam ,  Ha Noi Cube Day 2020 
496, 494 , Eric Yang , 8.37 ,  United States ,  Bay Area Speedcubin' 17 2019 
497, 494 , Jan Staubach , 8.37 ,  Germany ,  Bremium Winter 2019 
498, 494 , Lei Liu (刘磊) , 8.37 ,  China ,  Kunshan Afternoon 2021 
499, 494 , Tanish Dhiman , 8.37 ,  Germany ,  Tirol Open 2019 
500, 501 , Ihor Bilchenko (Ігор Більченко) , 8.38 ,  Ukraine ,  Dnepr Never Fails 2018 
501, 501 , Jiekang Pan (潘杰康) , 8.38 ,  China ,  Changsha Spring Open 2019 
502, 501 , José Cruz Lara Rojas , 8.38 ,  Mexico ,  NxN Tlaxcala 2019 
503, 501 , Jose Polorhenzo Aquino , 8.38 ,  Philippines ,  Cebu Open 2020 
504, 501 , Justin Andrew Dee , 8.38 ,  Philippines ,  Philippine Championship 2019 
505, 501 , Justin John Navarro , 8.38 ,  Philippines ,  Tagum City Open 2019 
506, 501 , Kristóf Veres , 8.38 ,  Hungary ,  Budapest Open 2020 
507, 501 , Louis Meunier , 8.38 ,  United States ,  Princeton Winter 2020 
508, 501 , Milán Baticz , 8.38 ,  Hungary ,  Hungarian Open 2018 
509, 501 , Samuel Simko , 8.38 ,  Slovakia ,  Swisscubing Cup III 2019 
510, 501 , Shaun Mack , 8.38 ,  United States ,  Empire State Summer A 2021 
511, 512 , Maxim Ilin , 8.39 ,  Russia ,  Ivanovo Cuber Cup 2019 
512, 512 , Victor Colin , 8.39 ,  France ,  French Championship 2019 
513, 514 , Bhargav Narasimhan , 8.40 ,  India ,  Indian Nationals 2019 
514, 514 , Henry Lichner , 8.40 ,  United States ,  North Liberty 2019 
515, 514 , Lennon Hughes , 8.40 ,  Australia ,  Altona Algorithms Attempt 2 2021 
516, 514 , Nathaniel Berg , 8.40 ,  Sweden ,  SSL Final Borås 2017 
517, 514 , Nicola Barbaro , 8.40 ,  Italy ,  Italian Championship 2018 
518, 514 , Ramiro Mendez , 8.40 ,  Argentina ,  Happy Autumn MDQ 2018 
519, 514 , Sooho Lee (이수호) , 8.40 ,  Republic of Korea ,  Cubing Operating System 2019 
520, 521 , Jonathan Tilahun , 8.41 ,  United States ,  Slow N Steady Winter 2020 
521, 521 , Lance Bastien Loy , 8.41 ,  Philippines ,  Tagum City Open 2019 
522, 521 , Mateo Tiul , 8.41 ,  United States ,  New York City Winter 2017 
523, 521 , Nicolás Irenco Peña Henríquez , 8.41 ,  Chile ,  Cubopía Open 2020 
524, 521 , Platon Dranchuk (Платон Дранчук) , 8.41 ,  Belarus ,  New Year in PSU 2019 
525, 521 , Toby Litiatco , 8.41 ,  Philippines ,  Antipolo City Cube Open II 2019 
526, 527 , Paolo Moriello , 8.42 ,  Italy ,  Turin Cube Day 2017 
527, 528 , Alexey Tsvetkov , 8.43 ,  Russia ,  Project Kedzierzyn-Kozle 2021 
528, 528 , Cory Yurkovic , 8.43 ,  United States ,  Arcadia Summer 2019 
529, 528 , Max Xiong (熊锐明) , 8.43 ,  China ,  Winnipeg Open 2019 
530, 528 , Nathan Dwyer , 8.43 ,  United States ,  Mishawaka Summer 2019 
531, 528 , Zeyu Gao (高泽宇) , 8.43 ,  China ,  Quanzhou Open 2018 
532, 533 , David Ludwig , 8.44 ,  United States ,  Music City Speedsolving 2017 
533, 533 , Eyal Alfasi , 8.44 ,  Israel ,  Israel Championship 2019 
534, 533 , Igor Tarasov (Ігор Тарасов) , 8.44 ,  Ukraine ,  LLS I Bełżyce 2021 
535, 533 , Kacper Dłubała , 8.44 ,  Poland ,  Project Kedzierzyn-Kozle 2021 
536, 533 , Mharr Justhinne Ampong , 8.44 ,  Philippines ,  Cavite Speedcubing Open 2017 
537, 533 , Olaf Kuźmiński , 8.44 ,  Poland ,  Project Pawłowice 2021 
538, 533 , Reto Bubendorf , 8.44 ,  Finland ,  Lausanne Euro Qualifier 2018 
539, 540 , Govend Avgerinos Djangoi , 8.45 ,  Sweden ,  Södertälje New Year 2020 
540, 540 , Jonah Jarvis , 8.45 ,  Canada ,  Winnipeg Open 2019 
541, 540 , Piotr Tokarski , 8.45 ,  Poland ,  LLS IV 2019 
542, 540 , Róbert Maróti , 8.45 ,  Hungary ,  Osijek Open 2020 
543, 540 , You Hyeon-Dong (유현동) , 8.45 ,  Republic of Korea ,  KAIST Spring 2017 
544, 545 , Ernest Eh Zhong Yu , 8.46 ,  Malaysia ,  Malaysia Cube Championship 2019 
545, 545 , Inigo Miguel B. Palisoc , 8.46 ,  Philippines ,  Philippine Championship 2019 
546, 545 , Jonatan Solheim , 8.46 ,  Norway ,  Bergen Open 2019 
547, 545 , Mateusz Śliż , 8.46 ,  Poland ,  ŚLS Będzin Open 2017 
548, 545 , Ng Yong Teng , 8.46 ,  Singapore ,  NTU Open 2019 
549, 545 , Piti Pichedpan (ปิติ พิเชษฐพันธ์) , 8.46 ,  Thailand ,  Chonburi Open 2011 
550, 545 , Victor Chenu , 8.46 ,  France ,  Cube An Dro 2019 
551, 545 , Yu Sajima (佐島優) , 8.46 ,  Japan ,  Tohoku 2019 
552, 545 , Zihan Zhang (张子涵) , 8.46 ,  China ,  Guangdong Open 2021 
553, 554 , Hong Seungbin , 8.47 ,  Republic of Korea ,  HanMaDang 2017 
554, 554 , Jaden Lim , 8.47 ,  Philippines ,  Malabon City Cube Open 2019 
555, 554 , Jiale Liu (柳嘉乐) , 8.47 ,  China ,  Tianjin Summer Solstice 2021 
556, 554 , Vladyslav Zhyhailo (Владислав Жигайло) , 8.47 ,  Ukraine ,  Dnepr Never Fails 2018 
557, 558 , Ali Atashi (علی آتشی) , 8.48 ,  Iran ,  İstanbul Summer 2019 
558, 558 , Ivan Bogdan , 8.48 ,  Belarus ,  Moldova Open 2020 
559, 558 , Junliang Huang (黄骏亮) , 8.48 ,  China ,  Jieyang Good Afternoon 2021 
560, 558 , Mitchell Lane , 8.48 ,  United States ,  Thanks Four The Invite 2018 
561, 558 , Peter Weyers , 8.48 ,  United States ,  Copper Country Summer 2021 
562, 558 , Swann Castel , 8.48 ,  France ,  Nancy Open 2015 
563, 558 , Viktor Kalmar , 8.48 ,  Austria ,  Budapest Open 2020 
564, 558 , Yu Tang (唐语) , 8.48 ,  China ,  Guangdong Open 2021 
565, 566 , Akito Nipatcharoen , 8.49 ,  Australia ,  Enjoyable Sydney Gathering 2020 
566, 566 , Amirali Farajnezhad (امیرعلی فرج نژاد) , 8.49 ,  Iran ,  Chekaad Summer 2019 
567, 566 , Ivaylo Tanev , 8.49 ,  Bulgaria ,  Sofia Open 2018 
568, 566 , Joaquin Ruenes Hernández , 8.49 ,  Mexico ,  Misión México 2019 
569, 566 , Jordan Mosakowski , 8.49 ,  United States ,  Rocky Mountain Spring 2019 
570, 571 , Enxi Peng (彭恩希) , 8.50 ,  China ,  Jieyang Good Morning 2021 
571, 571 , Gábor Slezák , 8.50 ,  Hungary ,  Slovakian Open 2019 
572, 571 , Graham Lively , 8.50 ,  United States ,  Solving Hunger Virginia 2019 
573, 571 , Habin Kim (김하빈) , 8.50 ,  Republic of Korea ,  Cubing Korea 2019 
574, 571 , Hunor Bózsing , 8.50 ,  Hungary ,  Budapest Open 2018 
575, 571 , Kaur Tuule , 8.50 ,  Estonia ,  Vilnius Open 2021 
576, 571 , Lovin Raghava , 8.50 ,  India ,  Indian Nationals 2019 
577, 571 , Martin Kraut , 8.50 ,  Germany ,  Erfurt Open 2014 
578, 571 , Saman Parvizi (سامان پرویزی) , 8.50 ,  Iran ,  Tehran Summer 2019 
579, 580 , Nejc Ian Čurman , 8.51 ,  Slovenia ,  WCA Euro 2018 
580, 580 , Tyler VanGompel , 8.51 ,  United States ,  Wiscube 2019 
581, 580 , Valerii Omelchuk (Валерій Омельчук) , 8.51 ,  Ukraine ,  Cubes Masters Zhytomyr 2021 
582, 583 , Andrew Park , 8.52 ,  United States ,  Slow N Steady Winter 2018 
583, 583 , Brian Law , 8.52 ,  United States ,  Berkeley Spring 2019 
584, 583 , Daniel Cofreces Jaureguizar , 8.52 ,  Spain ,  Martorell Open 2019 
585, 583 , Livia Kleiner , 8.52 ,  United States ,  Hudson Valley Open 2018 
586, 583 , Oscar Watson , 8.52 ,  Australia ,  Solving in Sale 2021 
587, 583 , Vladyslav Zhydkov (Владислав Жидков) , 8.52 ,  Ukraine ,  Ukrainian Nationals 2018 
588, 583 , Xinjie Shi (施鑫杰) , 8.52 ,  China ,  Kunshan Morning 2021 
589, 583 , Zhangyuan He (何章元) , 8.52 ,  China ,  Huzhou Open 2019 
590, 591 , Jack Beckett , 8.53 ,  Australia ,  WCA World Championship 2019 
591, 591 , Jungwoo Ha (하정우) , 8.53 ,  Republic of Korea ,  Cubing Korea 2019 
592, 591 , Justin He , 8.53 ,  Australia ,  Cool Down Sydney 2019 
593, 591 , Nicholas Tran , 8.53 ,  United States ,  Cubing with the Viking 2020 
594, 591 , Reagan Li , 8.53 ,  Canada ,  Downtown Vancouver Winter 2020 
595, 591 , Zhao-Zhe Zhong (鍾肇哲) , 8.53 ,  Taiwan ,  Matsu Open 2019 
596, 597 , Ganghui Lin (林刚辉) , 8.54 ,  China ,  China Championship 2019 
597, 597 , Hanyu Liu (刘函宇) , 8.54 ,  China ,  Xi'an Cherry Blossom PM 2021 
598, 597 , Tijmen van der Ree , 8.54 ,  Netherlands ,  Hamburg International 2019 
599, 597 , Zhenyang Liu (刘振洋) , 8.54 ,  China ,  Longyan Open 2018 
600, 601 , Derek Hsieh , 8.55 ,  United States ,  San Diego Summer 2019 
601, 601 , Dmitry Kryuzban , 8.55 ,  Russia ,  YJ Fest 2018 
602, 601 , Nathanael Tung Wei An , 8.55 ,  Singapore ,  Singapore Championship 2018 
603, 601 , Taro Yoshioka (吉岡太郎) , 8.55 ,  Japan ,  Kansai Summer 2019 
604, 605 , Arush Singh , 8.56 ,  India ,  Speedcubing ESYA 2019 
605, 605 , Matthew Lee , 8.56 ,  Canada ,  Leap to Barrie 2020 
606, 605 , Shlomo Ben Shalom , 8.56 ,  Israel ,  Israel Summer Open 2019 
607, 605 , Shu Ogawa (小川柊) , 8.56 ,  Japan ,  Shenzhen Nanshan Afternoon 2021 
608, 605 , Tomáš Nguyen , 8.56 ,  Vietnam ,  Project Jastrzębie-Zdrój 2019 
609, 610 , Benjamin Wei , 8.57 ,  United States ,  Northeast Championship 2019 
610, 610 , Kyle Gyawali , 8.57 ,  United States ,  UIUC Fall 2019 
611, 610 , Matheus Barbosa de Miranda , 8.57 ,  Brazil ,  Brasileiro 2017 
612, 610 , Noah Schulhof , 8.57 ,  United States ,  Maryland 2017 
613, 610 , Pavel Mesyatsev , 8.57 ,  Russia ,  Ural Spring 2021 
614, 610 , Sakib Ibn Rashid Rhivu , 8.57 ,  Bangladesh ,  City of Joy 2017 
615, 616 , Alexander Vujcich , 8.58 ,  New Zealand ,  North Island Championship 2021 
616, 616 , Dmitry Gundin , 8.58 ,  Russia ,  Bogoroditsk Open 2021 
617, 616 , Olivier Vos , 8.58 ,  Netherlands ,  Rijswijk Open 2019 
618, 616 , Qingze Li (李庆泽) , 8.58 ,  China ,  Beijing Spring PM 2021 
619, 616 , Xiaoke Xu (徐晓珂) , 8.58 ,  China ,  Zhengzhou Summer 2021 
620, 621 , Armando Dian , 8.59 ,  Malaysia ,  Sabah Cube Open 2019 
621, 621 , Edrian Miguel Capistrano , 8.59 ,  Philippines ,  Cubing Sa Nia Ra Jud Open 2018 
622, 621 , Joel Ulin , 8.59 ,  Sweden ,  Södertälje New Year 2020 
623, 621 , Lucas Wesche , 8.59 ,  Germany ,  German Open 2018 
624, 621 , Nathan Soria , 8.59 ,  United States ,  Grossmont Fall 2019 
625, 621 , Richard Yiheng Tao , 8.59 ,  New Zealand ,  North Island Championship 2021 
626, 621 , Tudor Lin , 8.59 ,  United States ,  Liberty Science Center Open 2019 
627, 621 , Wilson Alvis (陈智胜) , 8.59 ,  Indonesia ,  Sumatra Open 2018 
628, 621 , Yichen Jiang (姜一辰) , 8.59 ,  China ,  Nanchang Good Afternoon 2021 
629, 630 , Chenhao Ma (马晨皓) , 8.60 ,  China ,  Beijing Winter 2019 
630, 630 , Daniil Lee , 8.60 ,  Russia ,  MPEI Open 2016 
631, 630 , Jusun Choi (최주선) , 8.60 ,  Republic of Korea ,  Berkeley Summer 2019 
632, 630 , Mark Allen Baruc , 8.60 ,  Philippines ,  Iligan Open 2017 
633, 630 , Rhys Lloyd , 8.60 ,  Australia ,  Sydney Re-Open Saturday 2021 
634, 630 , Simon Kalhofer , 8.60 ,  Germany ,  Franconia Spring 2019 
635, 630 , Teo Kai Xiang , 8.60 ,  Singapore ,  Cubewerkz Open 2016 
636, 630 , Vojtěch Kundera , 8.60 ,  Czech Republic ,  Project Pawłowice 2021 
637, 630 , Weiqin Yang (杨伟钦) , 8.60 ,  China ,  Guangdong Open 2021 
638, 639 , Connor Kempf , 8.61 ,  United States ,  Great Lakes Championship 2018 
639, 639 , Edward Vakula , 8.61 ,  United States ,  Cubing Peoria 2020 
640, 639 , Jared Stinson , 8.61 ,  United States ,  Classic City Closer 2018 
641, 639 , Marcel Ručigaj , 8.61 ,  Slovenia ,  Prebold Open 2019 
642, 639 , Quinten Andelhofs , 8.61 ,  Belgium ,  WCA Euro 2018 
643, 639 , Soichi Akamatsu (赤松聡一) , 8.61 ,  Japan ,  Kansai Summer 2018 
644, 639 , Valentin Hoffmann , 8.61 ,  France ,  German Nationals 2019 
645, 639 , Vladyslav Hryniuk (Владислав Гринюк) , 8.61 ,  Ukraine ,  Cubes Masters Zhytomyr 2021 
646, 639 , Zhichun Li (李志纯) , 8.61 ,  China ,  Shenzhen Nanshan Afternoon 2021 
647, 648 , Adriel Wiebe , 8.62 ,  United States ,  Cubing in Cambridge 2019 
648, 648 , Alevio Hamizan Ersha , 8.62 ,  Indonesia ,  Speedy South Perth 2020 
649, 648 , Isabella Corona , 8.62 ,  United States ,  Another Bruin Cube Day 2019 
650, 648 , Makoto Takaoka (高岡誠) , 8.62 ,  Japan ,  Nishinomiya Open 2019 
651, 648 , Nitin Nathan , 8.62 ,  United States ,  C3 Cup Finale 2019 
652, 648 , Pessi Ansaranta , 8.62 ,  Finland ,  Helsinki Open 2020 
653, 648 , Seamus Twyman , 8.62 ,  Canada ,  3x3 Only Calgary 2019 
654, 648 , Yifei Chen (陈奕霏) , 8.62 ,  China ,  Fujian Championship 2018 
655, 656 , Calix Tang , 8.63 ,  United States ,  SacCubing IX 2020 
656, 656 , Fayyadh Aunilbarr , 8.63 ,  Indonesia ,  WCA World Championship 2019 
657, 656 , Francisco Hamlin , 8.63 ,  Argentina ,  Meppel Open 2018 
658, 656 , Henry Hughes , 8.63 ,  Canada ,  Ajax Winter 2019 
659, 656 , Jack Ryan , 8.63 ,  United States ,  Colorado Springs Winter 2020 
660, 656 , Lee Byung June (이병준) , 8.63 ,  Republic of Korea ,  Korean Championship 2019 
661, 656 , Leopoldo Andrés Ibarra Fuentes , 8.63 ,  Chile ,  UA Open 2018 
662, 656 , Trang Bảo Minh , 8.63 ,  Vietnam ,  Ha Noi Summer 2020 
663, 664 , Dylan Cossin , 8.64 ,  United States ,  Stowhio Open 2021 
664, 664 , Gabriel Machado Nunes , 8.64 ,  Brazil ,  Copa Black Horse 2019 
665, 664 , Hendry Cahyadi , 8.64 ,  Indonesia ,  Jawa Timur Open 2017 
666, 664 , Jimeng Guo (郭冀蒙) , 8.64 ,  China ,  Shijiazhuang Winter 2018 
667, 668 , Akash Rupela , 8.65 ,  India ,  Bangladesh Cubing Fiesta 2019 
668, 668 , Đoàn Anh Dũng , 8.65 ,  Vietnam ,  Ha Noi Summer 2020 
669, 668 , Helmer Ewert , 8.65 ,  Sweden ,  Welcome Back Again Jkpg 2021 
670, 668 , Marcus Moberg , 8.65 ,  Sweden ,  Welcome Back Jönköping 2020 
671, 668 , Mathias Søndergaard Byrne , 8.65 ,  Denmark ,  Danish Championship 2020 
672, 668 , Mikhail Kopylov (Михаил Копылов) , 8.65 ,  Russia ,  Siberia Open 2020 
673, 668 , Peter Nielsen , 8.65 ,  Denmark ,  Dåstrup Sleepover 2018 
674, 668 , Taine Cassar , 8.65 ,  Australia ,  Newcastle Autumn 2021 
675, 668 , Zhengtao Yu (俞正涛) , 8.65 ,  China ,  Xiamen Autumn 2019 
676, 668 , Zhiying Liang (梁芷瑛) , 8.65 ,  China ,  Guilin Open 2019 
677, 678 , Eeshan Khurana , 8.66 ,  United States ,  Princeton Winter 2019 
678, 678 , Holden Moritz , 8.66 ,  United States ,  Santa Fe Spring 2018 
679, 678 , Jakub Kubiak , 8.66 ,  Poland ,  Polish Championship 2019 
680, 678 , Walker Welch , 8.66 ,  United States ,  Three Seconds Snakes 2018 
681, 678 , Zachary White , 8.66 ,  United States ,  Houston Winter 2020 
682, 678 , Zhansen Shingis (Жансен Шингис) , 8.66 ,  Kazakhstan ,  Cubing Kazakhstan Nationals 2019 
683, 684 , Carson Widjaja , 8.67 ,  United States ,  Empire State Summer A 2021 
684, 684 , Chris Choi , 8.67 ,  United States ,  SBU Fall 2019 
685, 684 , Harald Skinnes Kryvi , 8.67 ,  Norway ,  Bergen Open 2021 
686, 684 , Jolo Endona , 8.67 ,  Philippines ,  CaMaNaVa Open 2018 
687, 684 , Kanting Shi (史勘霆) , 8.67 ,  China ,  Hangzhou Open PM 2021 
688, 684 , Muhammad Ammar Aufa B. Rosman , 8.67 ,  Malaysia ,  Putra Speedcubing Challenge 2019 
689, 684 , Thanaporn Sichanugrist (ธนพร สิชฌนุกฤษฎ์) , 8.67 ,  Thailand ,  Asian Championship 2012 
690, 684 , Tianhao Mo (莫天皓) , 8.67 ,  China ,  Chengdu New Year Morning 2021 
691, 684 , Trần Đình Anh , 8.67 ,  Vietnam ,  Ha Noi Summer 2020 
692, 684 , Yexin Cai (蔡烨欣) , 8.67 ,  China ,  Meizhou Open 2018 
693, 694 , Aidan Lee , 8.68 ,  United States ,  Keep Portland Weird 2019 
694, 694 , Dylan Wang , 8.68 ,  Canada ,  Vancouver Big Cubes Open 2019 
695, 694 , Miles Lentz , 8.68 ,  United States ,  Indianapolis Cubes Winter 2019 
696, 694 , Waldemar Sundin , 8.68 ,  Sweden ,  Welcome Back Again Jkpg 2021 
697, 698 , Celine Tran , 8.69 ,  Norway ,  Trondheim Parity Open 2019 
698, 698 , David Remolina Amórtegui , 8.69 ,  Colombia ,  Sergio Arboleda 2018 
699, 698 , Manuel Prieto de Antón , 8.69 ,  Spain ,  Kubekings Villanueva Open 2019 
700, 698 , Matthew Carlson , 8.69 ,  United States ,  Irvine Winter 2018 
701, 698 , Richmond Mico Rigor , 8.69 ,  Philippines ,  Fairview Cube Day 2018 
702, 703 , Andrew Xie , 8.70 ,  United States ,  New Jersey Championship 2018 
703, 703 , Emanuel Rheinert , 8.70 ,  Germany ,  Hamburg International 2019 
704, 703 , Kirt Protacio , 8.70 ,  Australia ,  Brisbane Spring 2015 
705, 703 , Mitsuki Gunji (郡司光貴) , 8.70 ,  Japan ,  Reiwa Anniversary 2019 
706, 703 , Nguyễn Hoàng Quân , 8.70 ,  Vietnam ,  Ho Chi Minh Let's Cube 2019 
707, 703 , Paul Ellement , 8.70 ,  Canada ,  Battle of Waterloo 2018 
708, 703 , Robin Tschümperlin , 8.70 ,  Switzerland ,  Swiss Nationals 2017 
709, 710 , Andrii Vasyliev (Андрій Васильєв) , 8.71 ,  Ukraine ,  Horse City 2019 
710, 710 , Caleb Clark , 8.71 ,  Australia ,  Sydney Re-Open Sunday 2021 
711, 710 , Noah Simcox , 8.71 ,  United States ,  Cubing Peoria 2019 
712, 710 , Vilius Ribinskas , 8.71 ,  Lithuania ,  Norrkubing 2019 
713, 714 , Anton Forsell , 8.72 ,  Sweden ,  Welcome Back Again Jkpg 2021 
714, 714 , Binyu Li (李槟宇) , 8.72 ,  China ,  Suzhou Open 2019 
715, 714 , Daniel Greigg , 8.72 ,  United States ,  WCA World Championship 2019 
716, 714 , Finn Trass , 8.72 ,  New Zealand ,  Palmerston North 2018 
717, 714 , Nguyễn Quang Trung , 8.72 ,  Vietnam ,  CSP Open 2015 
718, 714 , Zhengguo Yuan (袁正国) , 8.72 ,  China ,  Xuzhou Open AM 2021 
719, 720 , Angela Braganza , 8.73 ,  New Zealand ,  North Island Championship 2021 
720, 720 , Callum Hales-Jepp , 8.73 ,  United Kingdom ,  FLIP Open 2019 
721, 720 , Casey Ngo , 8.73 ,  United States ,  Oklahoma Open 2019 
722, 720 , Darcy Way , 8.73 ,  Australia ,  Melbourne Summer 2020 
723, 720 , Rifa Octavian Himawan , 8.73 ,  Indonesia ,  BSC 10th Anniversary 2019 
724, 720 , Vadzim Smirnou , 8.73 ,  Belarus ,  Black Pawn in Brest 2020 
725, 720 , Zach Amiridis , 8.73 ,  Australia ,  Altona Algorithms Attempt 2 2021 
726, 727 , Caleb Hall , 8.74 ,  New Zealand ,  North Island Championship 2021 
727, 727 , Dmitry Dergunov , 8.74 ,  Russia ,  CCC Qualification SPB 2020 
728, 727 , MinSeo Gu (구민서) , 8.74 ,  Republic of Korea ,  Korean Championship 2019 
729, 727 , Peter Grassard , 8.74 ,  France ,  Chelles Open 2020 
730, 727 , Xiaobin Rui (芮晓彬) , 8.74 ,  China ,  Taiyuan Winter 2018 
731, 732 , Emilio Eleodoro Ramírez Lahsen , 8.75 ,  Chile ,  DEC Open 2017 
732, 732 , Filip Nilsen , 8.75 ,  Norway ,  Bergen Open 2021 
733, 732 , Hitoki Kidahashi (木田橋仁毅) , 8.75 ,  Japan ,  Kansai Summer 2018 
734, 732 , Ilya Nazarov , 8.75 ,  Russia ,  Bogoroditsk Open 2021 
735, 732 , Jialong Liu (刘嘉龙) , 8.75 ,  China ,  Shenzhen 10th Anniversary 2019 
736, 732 , Lorenzo Mauro , 8.75 ,  Italy ,  Romagna Open 2019 
737, 732 , Mihir Narayan , 8.75 ,  India ,  Ramli Mall Open 2019 
738, 732 , Serhii Kupyriov (Сергій Купирьов) , 8.75 ,  Ukraine ,  Cubes Masters Zhytomyr 2021 
739, 732 , Vyacheslav Kochergin (Вячеслав Кочергин) , 8.75 ,  Russia ,  Ural Autumn 2020 
740, 732 , Wei Wang (王炜) , 8.75 ,  China ,  Wuhan Chuyun Spring 2017 
741, 732 , Wojciech Knott , 8.75 ,  Poland ,  Project Warszawa 2018 
742, 732 , Xiangwei Chen (陈相炜) , 8.75 ,  China ,  Hangzhou Open AM 2021 
743, 732 , Xuechao Zhang (张学超) , 8.75 ,  China ,  Xuzhou Open PM 2021 
744, 745 , Alessandro Nicolì , 8.76 ,  Italy ,  Italian Championship 2019 
745, 745 , Dmitry Aniskin , 8.76 ,  Russia ,  Moscow Winter Cubing 2018 
746, 745 , Jack Manzo , 8.76 ,  United States ,  CubingUSA Nationals 2018 
747, 745 , Jeremy Collins , 8.76 ,  United States ,  Fort Worth Fall Fiesta 2019 
748, 745 , Kenny Zhong , 8.76 ,  Canada ,  Chilliwack Cubes Fall 2019 
749, 745 , Kesava Kirupa , 8.76 ,  India ,  Shaastra Cube Open 2017 
750, 745 , Sirun Wu (吴思润) , 8.76 ,  China ,  Guangdong Open 2021 
751, 745 , Yi-Heng Lee (李宜衡) , 8.76 ,  Taiwan ,  Kaohsiung Autumn Open 2017 
752, 753 , Adam Frátrik , 8.77 ,  Slovakia ,  Project Pawłowice 2021 
753, 753 , Carter Audet Marrero , 8.77 ,  United States ,  Mudd Fall 2019 
754, 753 , Ethan Misteri , 8.77 ,  United States ,  Indialantic Open 2018 
755, 753 , Henry Savich , 8.77 ,  United States ,  Music City Speedsolving 2019 
756, 753 , Marcos Meibel Corral Murillo , 8.77 ,  Mexico ,  Pitic Open 2020 
757, 753 , Taiga Takaoka (高岡汰虎) , 8.77 ,  Japan ,  Kansai Summer 2018 
758, 753 , Tao Wen (温韬) , 8.77 ,  China ,  Yunnan Open 2019 
759, 753 , Yan Jin (金岩) , 8.77 ,  China ,  Ningxia Open 2017 
760, 761 , Brandon Huang , 8.78 ,  United States ,  Manhasset 2015 
761, 761 , Cale Schoon , 8.78 ,  United States ,  North Star Cubing Challenge 2020 
762, 761 , Daniel Yakhkind (Даніель Яхкінд) , 8.78 ,  Ukraine ,  Cubes Masters Zhytomyr 2021 
763, 761 , Darren Siew Ee Yaang (蕭奕暘) , 8.78 ,  Malaysia ,  Sens Open 2019 
764, 761 , Diego Alfonso , 8.78 ,  France ,  Offline Schwyz Saturday 2021 
765, 761 , Edson Bryan Béjar Román , 8.78 ,  Peru ,  TCG Fall 2019 
766, 761 , Magnus Søndergaard Byrne , 8.78 ,  Denmark ,  Greve Gymnasium 2020 
767, 761 , Sumanth Chandrupatla , 8.78 ,  United States ,  WCA World Championship 2019 
768, 761 , Yu-Kai Chen (陳宇楷) , 8.78 ,  Taiwan ,  Taiwan Championship 2020 
769, 770 , Abylai Orazalin (Абылай Оразалин) , 8.79 ,  Kazakhstan ,  Cubing Semey Open 2019 
770, 770 , Julen Simón Iriarte , 8.79 ,  Spain ,  Quijote Open 2019 
771, 770 , Jure Gregorc , 8.79 ,  Slovenia ,  Slovenian Open 2017 
772, 770 , Kasra Sarebanha (کسری ساربانها) , 8.79 ,  Iran ,  Tehran Summer 2019 
773, 770 , Santosh Naranapatty , 8.79 ,  India ,  SSN Cube Open 2018 
774, 770 , Sophie Chan , 8.79 ,  United States ,  Sens Open 2019 
775, 770 , Sripad Sarma Katrapati , 8.79 ,  India ,  Bangalore Open 2018 
776, 770 , Tairan Zhong (钟泰然) , 8.79 ,  China ,  Guangzhou Good Afternoon 2020 
777, 770 , Volodymyr Hnidko (Володимир Гнідко) , 8.79 ,  Ukraine ,  Smartcube Fest Kyiv 2019 
778, 770 , Yu Nakajima (中島悠) , 8.79 ,  Japan ,  Kansai Open 2013 
779, 780 , An Le , 8.80 ,  United States ,  Bay Area Speedcubin' 14 2019 
780, 780 , Bo Wang (王擘) , 8.80 ,  China ,  Jinan Open 2017 
781, 780 , Gabriel Dechichi Barbar , 8.80 ,  Brazil ,  Oficina Open 2014 
782, 780 , Ignacy Buczek , 8.80 ,  Poland ,  Speed Days Kraśnik 2018 
783, 780 , Ishaan Lal , 8.80 ,  United States ,  Minnesota Qualifier 2019 
784, 780 , Mihnea Andrei Panţu , 8.80 ,  Romania ,  Bucharest Cubing Days 2021 
785, 780 , Wei Luo (罗巍) , 8.80 ,  China ,  Shenzhen 10th Anniversary 2019 
786, 787 , Axel Aronsson , 8.81 ,  Sweden ,  Nordic Championship 2018 
787, 787 , Fardin Bahadory Nejad (فردین بهادری نژاد) , 8.81 ,  Iran ,  Alborz Green Cup 2019 
788, 787 , Louis de Mendonça , 8.81 ,  United Kingdom ,  UK Championship 2019 
789, 787 , Martin Köhler , 8.81 ,  Germany ,  Bremium Cubing 2019 
790, 787 , Nguyễn Tuấn Công , 8.81 ,  Vietnam ,  HCMC Pro League 2019 
791, 787 , Nikolay Masson (Николай Массон) , 8.81 ,  Russia ,  Ramenskoe Open 2019 
792, 787 , Sarina Wang , 8.81 ,  New Zealand ,  A New Year in Auckland 2021 
793, 787 , Tom Stanton-Barnett , 8.81 ,  New Zealand ,  Wellington Mind Games 2021 
794, 787 , Tsung-Che Lee (李宗哲) , 8.81 ,  Taiwan ,  Dream One Cube Open 2019 
795, 796 , Alexander Persaud , 8.82 ,  United States ,  Florida Returns 2021 
796, 796 , Frederik Løchte , 8.82 ,  Denmark ,  Lonely Denmark 2020 
797, 796 , Grégoire Gsell , 8.82 ,  France ,  Les Automnales 2018 
798, 796 , Jonathan Tan Wei Xiat , 8.82 ,  Malaysia ,  Ajax Winter 2019 
799, 796 , Justin Choi , 8.82 ,  United States ,  Northern Virginia Summer 2019 
800, 796 , Michał Wojcieszek , 8.82 ,  Poland ,  II Project Warszawa 2019 
801, 796 , Muhammad Saleh Imtiaz , 8.82 ,  Pakistan ,  Welcome Back Again Jkpg 2021 
802, 796 , Zhaoyu Tang , 8.82 ,  New Zealand ,  Auckland Summer Open 2020 
803, 804 , Dmitry Zvyagintsev , 8.83 ,  Russia ,  CCC Qualification SPB 2020 
804, 804 , Jack Mennie , 8.83 ,  Australia ,  Enjoyable Sydney Gathering 2020 
805, 804 , Jakub Drobný , 8.83 ,  Slovakia ,  Budapest Open 2019 
806, 804 , Jnus Macalalad , 8.83 ,  Philippines ,  Cube Ala-Eh IV 2019 
807, 804 , Joaquín Infante Medrano , 8.83 ,  Mexico ,  Tunas Open 2019 
808, 804 , Katie Davies , 8.83 ,  United Kingdom ,  Doncaster Open 2020 
809, 804 , Liam Chen , 8.83 ,  United States ,  WCA Asian Championship 2018 
810, 804 , Lorenzo Layug , 8.83 ,  Philippines ,  Parity at Charis 2020 
811, 804 , Timur Imanov , 8.83 ,  Russia ,  Tambov Autumn 2019 
812, 804 , Zhengwu Piao (朴正武) , 8.83 ,  China ,  Kunshan Morning 2021 
813, 814 , Aidan McKenzie , 8.84 ,  United States ,  MIT Winter 2020 
814, 814 , Aolin Tang (唐奥林) , 8.84 ,  China ,  Beijing Winter 2019 
815, 814 , Carl Ashley Cortes , 8.84 ,  Philippines ,  Philippine Championship 2018 
816, 814 , Heewon Seo , 8.84 ,  United States ,  Cubing with Manatees 2020 
817, 814 , Mateusz Szulik , 8.84 ,  Poland ,  LLS I Bełżyce 2021 
818, 814 , Michał Halczuk , 8.84 ,  Poland ,  Project Zamość 2019 
819, 814 , Sameer Mahmood , 8.84 ,  United Kingdom ,  ABHC 2015 
820, 814 , Simon Kellum , 8.84 ,  United States ,  Copper Country Winter 2020 
821, 814 , Yubo Ji (纪宇博) , 8.84 ,  China ,  Beijing Winter 2019 
822, 823 , Ábris Galler , 8.85 ,  Hungary ,  Osijek Re-Open 2021 
823, 823 , Bofan Zhang (张博藩) , 8.85 ,  China ,  Xuzhou Open PM 2021 
824, 823 , Carlos Moreno , 8.85 ,  Peru ,  INABIF Open 2015 
825, 823 , John David L. Olesco , 8.85 ,  Philippines ,  Philippine Championship 2018 
826, 823 , Joshua Feran , 8.85 ,  United States ,  Virtual Cubing 2019 
827, 823 , Mikus Lembergs , 8.85 ,  Latvia ,  Latvian Open 2019 
828, 823 , Neil Johnson , 8.85 ,  United States ,  Bay Area Speedcubin' 11 2018 
829, 823 , Nick Stanton , 8.85 ,  United States ,  Caltech Winter 2017 
830, 823 , Noah Swor , 8.85 ,  United States ,  Florida Fall Fest 2019 
831, 832 , Adam Walker , 8.86 ,  United States ,  Mudd Winter 2020 
832, 832 , Artur Kristof , 8.86 ,  Poland ,  ŚLS Jastrzębie Zdrój 2017 
833, 832 , Finn Ickler , 8.86 ,  Germany ,  Bremium Winter 2019 
834, 832 , Hoàng Khang Minh , 8.86 ,  Vietnam ,  Ha Noi Summer 2020 
835, 832 , James Hamory , 8.86 ,  United States ,  Irvine Fall 2015 
836, 832 , Ricky Meiler , 8.86 ,  Germany ,  Swisscubing Cup Final 2018 
837, 832 , Tomas Jankauskas , 8.86 ,  Lithuania ,  Lithuanian Open 2017 
838, 832 , Xingyu Chen (陈星宇) , 8.86 ,  China ,  Maoming Open 2019 
839, 840 , Afonso Carapeto , 8.87 ,  Portugal ,  Lisboa Open 2018 
840, 840 , Andrew Chen , 8.87 ,  United States ,  The Battle of Lexington 2018 
841, 840 , Andrew Y. Feng , 8.87 ,  United States ,  North Island Championship 2021 
842, 840 , Haoyang Li (李昊阳) , 8.87 ,  China ,  Baoji Open 2019 
843, 840 , Ilona Ansel , 8.87 ,  France ,  Tassin-la-Demi-Cube Open 2019 
844, 840 , Ivan Lew Yi Wen (刘义文) , 8.87 ,  Malaysia ,  Pahang Cube Open 2019 
845, 840 , Jung Hwan Lee , 8.87 ,  Republic of Korea ,  Korean Championship 2018 
846, 840 , Kanneti Sae Han (คันธ์เนตี แซ่ห่าน) , 8.87 ,  France ,  Galeries Lafayette Open 2011 
847, 840 , Patryk Zawieja , 8.87 ,  Poland ,  Project Będzin 2019 
848, 840 , Rafael Rodriguez Santana , 8.87 ,  Spain ,  Fuenlabrada Open 2018 
849, 840 , Salamon Tűzkő , 8.87 ,  Hungary ,  Hungarian Open 2017 
850, 840 , Stephen Adhisaputra , 8.87 ,  Indonesia ,  Sébra Open 2016 
851, 852 , Alfrisa Diva Wandana , 8.88 ,  Indonesia ,  DIY Open 2017 
852, 852 , Armin Soleimani (آرمین سلیمانی) , 8.88 ,  Iran ,  Golden Rubik's Cube 2017 
853, 852 , Đặng Trần Diễn , 8.88 ,  Vietnam ,  Ha Noi Summer 2020 
854, 852 , Jimin Byeon (변지민) , 8.88 ,  Republic of Korea ,  Cubedu Korea 2018 
855, 852 , Kyle Van Straaten , 8.88 ,  Canada ,  Washington Championship 2020 
856, 852 , Mark Cheung , 8.88 ,  United Kingdom ,  Fontwell Open 2020 
857, 852 , Naman Jain , 8.88 ,  India ,  Bengaluru Cool Down 2019 
858, 852 , Sergey Shitov , 8.88 ,  Russia ,  Ivanovo Cuber Cup 2019 
859, 852 , Sky Guo (郭建欣) , 8.88 ,  Hong Kong ,  Shaoxing Morning 2021 
860, 861 , Aaron Du , 8.89 ,  United States ,  Mudd Fall 2019 
861, 861 , Aedan Bryant , 8.89 ,  United States ,  GA Cubers Return B 2021 
862, 861 , Antoine Piau , 8.89 ,  France ,  Nantes Open 2018 
863, 861 , Bennet Wichmann , 8.89 ,  Germany ,  Berlin Summer Cube Days 2016 
864, 861 , Cameron Miller , 8.89 ,  United States ,  Berkeley Summer 2019 
865, 861 , Jiawei Wu (伍嘉维) , 8.89 ,  China ,  Huizhou Open 2018 
866, 861 , Johan Svensson , 8.89 ,  Sweden ,  Swedish Championship 2017 
867, 861 , Loic Chiang , 8.89 ,  Singapore ,  Sydney Open 2019 
868, 861 , Luke Burong , 8.89 ,  Australia ,  South Perth Summer 2020 
869, 861 , Nima Bolourchian , 8.89 ,  Canada ,  Cubing in the 6ix 2019 
870, 861 , Shane Grogan , 8.89 ,  United States ,  The Last Frontier Open 2019 
871, 861 , Wong Chong Wen (黄崇文) , 8.89 ,  Singapore ,  Singapore Mini 2019 
872, 861 , Yassine Bettahar , 8.89 ,  Algeria ,  Winter Setif Open 2019 
873, 861 , Zixuan Liu (刘子瑄) , 8.89 ,  China ,  Shenzhen 10th Anniversary 2019 
874, 875 , Artem Yashkov , 8.90 ,  Russia ,  SPB Muffin Winter 2019 
875, 875 , Carlos Carneros Torner , 8.90 ,  Spain ,  Arnold Open 2017 
876, 875 , Christopher Chi , 8.90 ,  United States ,  No Shoes Kentucky 2019 
877, 875 , Huyang Zou (邹胡杨) , 8.90 ,  China ,  Zhongshan NxN Speedcubing 2018 
878, 875 , Kabyanil Talukdar , 8.90 ,  India ,  SCMU 2015 
879, 880 , Cameron Soulagnet , 8.91 ,  United States ,  MIT Winter 2020 
880, 880 , Lucas Ichiro Yunomae , 8.91 ,  Brazil ,  SESC Santos 2018 
881, 880 , Maverick Sua , 8.91 ,  Philippines ,  Luzon Championship 2019 
882, 880 , Nithin Babu , 8.91 ,  India ,  CMI Tessellate Cube Open 2020 
883, 880 , Ye Xu (许烨) , 8.91 ,  China ,  Beijing Summer 2018 
884, 880 , Yongting You (尤永庭) , 8.91 ,  China ,  Taiwan Championship 2017 
885, 886 , Cameron Stollery , 8.92 ,  Australia ,  Melbourne Summer 2019 
886, 886 , Diego Trujeque , 8.92 ,  Mexico ,  Tuzo Clásico 2019 
887, 886 , Fabian Arfire , 8.92 ,  France ,  Istres Open 2018 
888, 886 , Guillermo Cascales Ñíguez , 8.92 ,  Spain ,  Archena Open 2019 
889, 886 , James Quinn , 8.92 ,  United States ,  WCA World Championship 2019 
890, 886 , John Brechon , 8.92 ,  United States ,  CubingUSA Nationals 2017 
891, 886 , Maksim Vorobyev , 8.92 ,  Russia ,  MPEI Open 2019 
892, 886 , Max Chan , 8.92 ,  United States ,  Liberty Science Center Open 2019 
893, 886 , Tomáš Szyszkowicz , 8.92 ,  Czech Republic ,  Project Będzin 2019 
894, 886 , Tomasz Żołnowski , 8.92 ,  Poland ,  Santa Claus Cube Race 2016 
895, 886 , Xinyun Chen (陈新运) , 8.92 ,  China ,  Chengdu New Year Morning 2021 
896, 897 , Carter Bitz , 8.93 ,  United States ,  Fargo Fall 2019 
897, 897 , Herman Westerlund Kalland , 8.93 ,  Norway ,  Bergen Open 2021 
898, 897 , Jun-Rui Rao (饒峻睿) , 8.93 ,  Taiwan ,  Chien Kuo Cubing Party 2019 
899, 897 , Louis Fertier , 8.93 ,  France ,  Hem MariCubik Open 2019 
900, 897 , Rafael Felipe Cordoba , 8.93 ,  Colombia ,  Tulcan Open 2018 
901, 897 , Timur Frolov , 8.93 ,  Russia ,  Chak-chak cubing in Kazan 2018 
902, 897 , Wiktor Zegadło , 8.93 ,  Poland ,  Veenendaal Open 2020 
903, 897 , Zayabaatar Batbayr , 8.93 ,  Mongolia ,  Dornogovi Cube Day 2019 
904, 905 , Dante Wallin Arvidsson , 8.94 ,  Sweden ,  Södertälje New Year 2020 
905, 905 , Jadon Castillo , 8.94 ,  United States ,  Houston Winter 2020 
906, 905 , Seth Ferry , 8.94 ,  Australia ,  Adelaide Twin Saturday 2021 
907, 905 , Tao Yu (喻韬) , 8.94 ,  Ireland ,  Irish Championship 2016 
908, 909 , Bruno Vervoort , 8.95 ,  Belgium ,  Belgium Summer Open 2017 
909, 909 , Daryll Ben Relatorres , 8.95 ,  Philippines ,  Tagum City Open 2019 
910, 909 , Felipe Rueda Hernández , 8.95 ,  Colombia ,  LatAm Tour - Chia 2017 
911, 909 , Jakub Wojtaszewski , 8.95 ,  Poland ,  Project Radom 2018 
912, 909 , Juan Antonio Miranda Zùñiga , 8.95 ,  Mexico ,  Tuzo Clásico 2019 
913, 909 , Juan de Dios Noriega Sánchez , 8.95 ,  Mexico ,  Reto Chignahuapan 2019 
914, 909 , Tan Kwan Yang , 8.95 ,  Malaysia ,  Malaysia Cube Championship 2019 
915, 909 , Yan-Hung Lai (賴彥宏) , 8.95 ,  Taiwan ,  Dream One Cube Open 2019 
916, 917 , Burak Erdil Biçer , 8.96 ,  Turkey ,  Bursa Fall 2020 
917, 917 , Daniel Mullen , 8.96 ,  United States ,  Rocky Top 2019 
918, 917 , Jacob Chambers , 8.96 ,  United Kingdom ,  Don't DNF Dublin 2020 
919, 917 , Mohammad Sarlaki (محمد سرلکی) , 8.96 ,  Iran ,  Marmara Spring 2018 
920, 921 , Ahmet Güzel , 8.97 ,  Turkey ,  İzmir Summer 2019 
921, 921 , Albert Mendoza , 8.97 ,  Philippines ,  Philippine Championship 2017 
922, 921 , Bartosz Karpiński , 8.97 ,  Poland ,  LLS I Bełżyce 2021 
923, 921 , Ryan Driscoll , 8.97 ,  Australia ,  Melbourne Summer 2020 
924, 921 , Ulysse Merlin , 8.97 ,  France ,  Chelles Open 2020 
925, 921 , Zak Kenny , 8.97 ,  Australia ,  Perth Puzzle Party 2020 
926, 927 , Benjamin Kyle , 8.98 ,  Canada ,  Battle of Waterloo 2018 
927, 927 , Diego Fraile , 8.98 ,  France ,  Offline Schwyz Saturday 2021 
928, 927 , Joel Cetra , 8.98 ,  Germany ,  Happy New Year Cubing Hoorn 2020 
929, 927 , Owen Brooks , 8.98 ,  United States ,  Babylon Winter 2020 
930, 927 , Ryusei Nakabayashi (中林琉聖) , 8.98 ,  Japan ,  Kansai Open 2019 
931, 927 , Santiago Osorio Cristóbal , 8.98 ,  Spain ,  Fão Cube Open 2019 
932, 927 , Stefan Huber , 8.98 ,  Austria ,  Austrian Open 2013 
933, 927 , Vladimir Tikhonenko (Владимир Тихоненко) , 8.98 ,  Russia ,  Tyumen Happy Saturday 2021 
934, 927 , Wonder Dygico , 8.98 ,  Philippines ,  NLC 5th Anniversary 2017 
935, 936 , Ji Won Yang , 8.99 ,  Republic of Korea ,  Daegu Autumn Open 2019 
936, 936 , Liam Highducheck , 8.99 ,  Australia ,  Newcastle Autumn 2021 
937, 936 , Louis Cormier , 8.99 ,  Canada ,  CanadianCUBING 50 2014 
938, 936 , Marcus Kamen , 8.99 ,  United States ,  Idaho Summer A 2021 
939, 936 , Marquez Phan , 8.99 ,  Australia ,  South Perth Summer 2020 
940, 936 , Mateusz Gil , 8.99 ,  Poland ,  LLS IV 2018 
941, 936 , Max Wang , 8.99 ,  Canada ,  Pickering 2017 
942, 936 , Nikolay Evdokimov , 8.99 ,  Russia ,  MPEI Open 2013 
943, 936 , Qingbin Chen (陈庆斌) , 8.99 ,  China ,  Zhongshan Open 2017 
944, 936 , Raphael Lee , 8.99 ,  New Zealand ,  Auckland Spring 2018 
945, 936 , Tomoya Yamashita (山下智也) , 8.99 ,  Japan ,  JRCA Kansai Spring 2017 
946, 936 , William Greninger , 8.99 ,  United States ,  Oregon State Leap Day 2020 
947, 936 , Yueh-Lin Tsai (蔡岳霖) , 8.99 ,  Taiwan ,  Kaohsiung Spring Open 2018 
948, 949 , Bauyrzhan Zhandossuly (Бауыржан Жандосұлы) , 9.00 ,  Kazakhstan ,  NIS Aktobe Cube Days 2020 
949, 949 , Charlie Harrison , 9.00 ,  United Kingdom ,  Doncaster Open 2020 
950, 949 , Diego Núñez , 9.00 ,  Chile ,  Instituto Nacional Open 2017 
951, 949 , Francisco Moraes Mandalozzo , 9.00 ,  Brazil ,  Summer Kube Vila Velha 2020 
952, 949 , Gabriel Santiago Velez Gonzalez , 9.00 ,  Colombia ,  Festival Cubero Cúbico 2019 
953, 949 , Gavin Wills , 9.00 ,  United States ,  SoCal 2016 
954, 949 , Hoàng Hà Thủy Tiên , 9.00 ,  Vietnam ,  Ha Noi Summer 2020 
955, 949 , Marco Vorländer , 9.00 ,  Germany ,  German Big Cube Open 2019 
956, 949 , Phillip Espinoza , 9.00 ,  United States ,  Berkeley Summer 2013 
957, 958 , Athul Vikas , 9.01 ,  United States ,  Lowcountry Cubing 2018 
958, 958 , Jacob Nokes , 9.01 ,  United States ,  Mega Minnesota Winter 2019 
959, 958 , Jan Martin Villostas , 9.01 ,  Philippines ,  Cube Ala-Eh IV 2019 
960, 958 , Lachlan Stephens , 9.01 ,  Australia ,  South Perth Summer 2020 
961, 958 , Lance Aguilar , 9.01 ,  Australia ,  Marrickville Autumn Sat 2021 
962, 958 , Mehmet Barın Erturan , 9.01 ,  Turkey ,  İzmir Spring 2019 
963, 958 , Noah Kim , 9.01 ,  United States ,  Hudson Valley Summer 2019 
964, 958 , Ömer Çetinkaya , 9.01 ,  Turkey ,  Ankara Summer 2021 
965, 958 , Pavlo Bondar (Павло Бондар) , 9.01 ,  Ukraine ,  Cubes Masters Zhytomyr 2021 
966, 958 , Phan Trọng Nghĩa , 9.01 ,  Vietnam ,  Ha Noi Summer 2020 
967, 958 , Renz Alexander Lumban , 9.01 ,  Philippines ,  Cubing Sa Nia Ra Jud Open 2018 
968, 958 , Shinichiro Sato (佐藤真一郎) , 9.01 ,  Japan ,  Hiroshima 2018 
969, 970 , Abishua James Thomas , 9.02 ,  Canada ,  Sharjah Open 2019 
970, 970 , Angel Anampa , 9.02 ,  Peru ,  Copa Black Horse 2019 
971, 970 , Connor Brandt , 9.02 ,  United States ,  Battle for Toledo 2019 
972, 970 , Gareth Wu , 9.02 ,  United States ,  Leeds Open 2019 
973, 970 , Jaybee Montecillo , 9.02 ,  Philippines ,  Marikina City Open 2018 
974, 970 , Juan Esteban Garzón López , 9.02 ,  Colombia ,  Sergio Arboleda 2019 
975, 970 , Justin Gou , 9.02 ,  United States ,  Northern Neck Winter 2020 
976, 977 , Alessandro Ricci , 9.03 ,  Italy ,  Italian Championship 2019 
977, 977 , Benjamin Gottschalk , 9.03 ,  United States ,  Wyoming Summer 2021 
978, 977 , Chengnuo Han (韩承诺) , 9.03 ,  China ,  Nanchang Good Afternoon 2021 
979, 977 , Chi Zhang (张弛) , 9.03 ,  China ,  Xi'an New Year 2020 
980, 977 , Firmin Brault , 9.03 ,  France ,  Northern Virginia Summer 2019 
981, 977 , Haichuan Du (杜海川) , 9.03 ,  China ,  Kunshan Afternoon 2021 
982, 977 , Luke Cho , 9.03 ,  United States ,  Dunwoody Day Bash 2019 
983, 977 , Marcin Zalewski , 9.03 ,  Poland ,  WLS Lato 2016 
984, 977 , Raúl Martínez Redondo , 9.03 ,  Spain ,  Parla Open 2019 
985, 977 , Sicheng Gu (顾思成) , 9.03 ,  China ,  Suzhou Open 2019 
986, 977 , Xi Zhang (张希) , 9.03 ,  China ,  Jieyang Good Afternoon 2021 
987, 988 , Agustín Bernasconi , 9.04 ,  Argentina ,  Santa Fe Invierno 2019 
988, 988 , Ian Bourn , 9.04 ,  United States ,  Atomic Cubing 2018 
989, 988 , Jesus Daniel Pache Bastardo , 9.04 ,  Dominican Republic ,  Santo Domingo Winter 2020 
990, 988 , Jimmy Tran , 9.04 ,  United States ,  Cubing Is A Sport Frisco AM 2021 
991, 988 , Yuzhe Gan (甘宇喆) , 9.04 ,  China ,  Xiamen Winter 2019 
992, 993 , Alex Stern , 9.05 ,  Sweden ,  Kubkvarna Winter 2019 
993, 993 , Daan Baartmans , 9.05 ,  Netherlands ,  HNY Cubing Niijmegen 2019 
994, 993 , Erik Shakirov , 9.05 ,  Russia ,  Udmurtia Open 2019 
995, 993 , Junze Zhao (赵俊泽) , 9.05 ,  China ,  Xuzhou Open 2018 
996, 993 , Marwan Kamal , 9.05 ,  Canada ,  National Capital Region 2019 
997, 993 , Mattheo de Wit , 9.05 ,  Netherlands ,  Hoogland Open 2019 
998, 993 , Pierre Meunier , 9.05 ,  France ,  Elsass Open 2019 
999, 993 , Zhiyong Liu (柳智勇) , 9.05 ,  China ,  Xiamen Autumn 2019 
